Name,Code,Org_Latitude,Org_Longitude,Org_Altitude,Correct_Latitude,Correct_Longitude,Correct_Altitude,Latitude,Longitude,Altitude,AntennaHeight,Northing,Easting,Height,State,Satellite_Lock,Satellite_View,PDOP,HRMS,VRMS,Age,Date,Time,Base_ID,Base_Latitude,Base_Longitude,Base_Altitude,Base_Distance,CompensationMode,InclineAngle,AzimuthAngle,Correct_n,Correct_e,Correct_h
1,,045d28m42.6017580000s,009d13m32.8730580000s,162.199,0.0000000000000000,0.0000000000000000,0.000000,045d28m42.6017580000s,009d13m32.8730580000s,160.123,2.076,5036132.769,517647.593,160.123,FIXED,27,34,0.900,0.015,0.017,3.0,2023-11-13,11:28:17,RTCM-Ref 18,045d28m42.1269631298s,009d13m45.1661289562s,191.162,269.196,0,0.00000000,270.00000000,0.000,0.000,0.000
2,,045d28m42.6198540000s,009d13m32.9175600000s,162.227,0.0000000000000000,0.0000000000000000,0.000000,045d28m42.6198540000s,009d13m32.9175600000s,160.151,2.076,5036133.330,517648.557,160.151,FIXED,28,34,0.900,0.014,0.017,0.0,2023-11-13,11:28:29,RTCM-Ref 18,045d28m42.1269631298s,009d13m45.1661289562s,191.162,268.266,0,0.00000000,270.00000000,0.000,0.000,0.000
3,,045d28m42.6413400000s,009d13m32.9546700000s,162.242,0.0000000000000000,0.0000000000000000,0.000000,045d28m42.6413400000s,009d13m32.9546700000s,160.166,2.076,5036133.996,517649.361,160.166,FIXED,25,33,1.010,0.014,0.017,0.0,2023-11-13,11:28:31,RTCM-Ref 18,045d28m42.1269631298s,009d13m45.1661289562s,191.162,267.503,0,0.00000000,270.00000000,0.000,0.000,0.000
4,,045d28m42.6657480000s,009d13m33.0134820000s,162.237,0.0000000000000000,0.0000000000000000,0.000000,045d28m42.6657480000s,009d13m33.0134820000s,160.161,2.076,5036134.752,517650.636,160.161,FIXED,27,36,0.920,0.014,0.017,0.0,2023-11-13,11:28:34,RTCM-Ref 18,045d28m42.1269631298s,009d13m45.1661289562s,191.162,266.283,0,0.00000000,270.00000000,0.000,0.000,0.000
5,,045d28m42.6843660000s,009d13m33.0583560000s,162.252,0.0000000000000000,0.0000000000000000,0.000000,045d28m42.6843660000s,009d13m33.0583560000s,160.176,2.076,5036135.330,517651.608,160.176,FIXED,26,35,0.950,0.014,0.017,0.0,2023-11-13,11:28:36,RTCM-Ref 18,045d28m42.1269631298s,009d13m45.1661289562s,191.162,265.352,0,0.00000000,270.00000000,0.000,0.000,0.000
6,,045d28m42.7053960000s,009d13m33.1059300000s,162.248,0.0000000000000000,0.0000000000000000,0.000000,045d28m42.7053960000s,009d13m33.1059300000s,160.172,2.076,5036135.982,517652.639,160.172,FIXED,25,35,0.950,0.014,0.017,0.0,2023-11-13,11:28:38,RTCM-Ref 18,045d28m42.1269631298s,009d13m45.1661289562s,191.162,264.372,0,0.00000000,270.00000000,0.000,0.000,0.000
7,,045d28m42.7246020000s,009d13m33.1514040000s,162.254,0.0000000000000000,0.0000000000000000,0.000000,045d28m42.7246020000s,009d13m33.1514040000s,160.178,2.076,5036136.577,517653.625,160.178,FIXED,25,34,0.920,0.014,0.017,0.0,2023-11-13,11:28:40,RTCM-Ref 18,045d28m42.1269631298s,009d13m45.1661289562s,191.162,263.433,0,0.00000000,270.00000000,0.000,0.000,0.000
8,,045d28m42.7436700000s,009d13m33.1946880000s,162.292,0.0000000000000000,0.0000000000000000,0.000000,045d28m42.7436700000s,009d13m33.1946880000s,160.216,2.076,5036137.168,517654.563,160.216,FIXED,25,35,0.960,0.014,0.017,0.0,2023-11-13,11:28:42,RTCM-Ref 18,045d28m42.1269631298s,009d13m45.1661289562s,191.162,262.539,0,0.00000000,270.00000000,0.000,0.000,0.000
9,,045d28m42.7624620000s,009d13m33.2415360000s,162.311,0.0000000000000000,0.0000000000000000,0.000000,045d28m42.7624620000s,009d13m33.2415360000s,160.235,2.076,5036137.751,517655.579,160.235,FIXED,25,35,1.000,0.014,0.017,0.0,2023-11-13,11:28:44,RTCM-Ref 18,045d28m42.1269631298s,009d13m45.1661289562s,191.162,261.572,0,0.00000000,270.00000000,0.000,0.000,0.000
10,,045d28m42.7838340000s,009d13m33.2817540000s,162.320,0.0000000000000000,0.0000000000000000,0.000000,045d28m42.7838340000s,009d13m33.2817540000s,160.244,2.076,5036138.413,517656.450,160.244,FIXED,27,34,0.930,0.014,0.017,0.0,2023-11-13,11:28:46,RTCM-Ref 18,045d28m42.1269631298s,009d13m45.1661289562s,191.162,260.757,0,0.00000000,270.00000000,0.000,0.000,0.000
11,,045d28m42.8042280000s,009d13m33.3307020000s,162.337,0.0000000000000000,0.0000000000000000,0.000000,045d28m42.8042280000s,009d13m33.3307020000s,160.261,2.076,5036139.045,517657.511,160.261,FIXED,28,35,0.880,0.014,0.017,0.0,2023-11-13,11:28:49,RTCM-Ref 18,045d28m42.1269631298s,009d13m45.1661289562s,191.162,259.753,0,0.00000000,270.00000000,0.000,0.000,0.000
12,,045d28m42.8210040000s,009d13m33.3797820000s,162.354,0.0000000000000000,0.0000000000000000,0.000000,045d28m42.8210040000s,009d13m33.3797820000s,160.278,2.076,5036139.566,517658.575,160.278,FIXED,27,29,0.880,0.014,0.017,0.0,2023-11-13,11:28:51,RTCM-Ref 18,045d28m42.1269631298s,009d13m45.1661289562s,191.162,258.738,0,0.00000000,270.00000000,0.000,0.000,0.000
13,,045d28m42.8377680000s,009d13m33.4230300000s,162.351,0.0000000000000000,0.0000000000000000,0.000000,045d28m42.8377680000s,009d13m33.4230300000s,160.275,2.076,5036140.086,517659.512,160.275,FIXED,28,28,0.900,0.014,0.017,0.0,2023-11-13,11:28:53,RTCM-Ref 18,045d28m42.1269631298s,009d13m45.1661289562s,191.162,257.853,0,0.00000000,270.00000000,0.000,0.000,0.000
14,,045d28m42.8596980000s,009d13m33.4864920000s,162.364,0.0000000000000000,0.0000000000000000,0.000000,045d28m42.8596980000s,009d13m33.4864920000s,160.288,2.076,5036140.767,517660.888,160.288,FIXED,29,35,0.870,0.014,0.017,0.0,2023-11-13,11:28:56,RTCM-Ref 18,045d28m42.1269631298s,009d13m45.1661289562s,191.162,256.546,0,0.00000000,270.00000000,0.000,0.000,0.000
15,,045d28m42.8763240000s,009d13m33.5324880000s,162.349,0.0000000000000000,0.0000000000000000,0.000000,045d28m42.8763240000s,009d13m33.5324880000s,160.273,2.076,5036141.283,517661.885,160.273,FIXED,28,35,0.860,0.014,0.017,0.0,2023-11-13,11:28:58,RTCM-Ref 18,045d28m42.1269631298s,009d13m45.1661289562s,191.162,255.606,0,0.00000000,270.00000000,0.000,0.000,0.000
16,,045d28m42.8935200000s,009d13m33.5763060000s,162.356,0.0000000000000000,0.0000000000000000,0.000000,045d28m42.8935200000s,009d13m33.5763060000s,160.280,2.076,5036141.816,517662.835,160.280,FIXED,29,29,0.860,0.014,0.017,0.0,2023-11-13,11:29:00,RTCM-Ref 18,045d28m42.1269631298s,009d13m45.1661289562s,191.162,254.714,0,0.00000000,270.00000000,0.000,0.000,0.000
17,,045d28m42.9108780000s,009d13m33.6212040000s,162.354,0.0000000000000000,0.0000000000000000,0.000000,045d28m42.9108780000s,009d13m33.6212040000s,160.278,2.076,5036142.354,517663.808,160.278,FIXED,28,33,0.870,0.014,0.017,0.0,2023-11-13,11:29:02,RTCM-Ref 18,045d28m42.1269631298s,009d13m45.1661289562s,191.162,253.801,0,0.00000000,270.00000000,0.000,0.000,0.000
18,,045d28m42.9276960000s,009d13m33.6705900000s,162.361,0.0000000000000000,0.0000000000000000,0.000000,045d28m42.9276960000s,009d13m33.6705900000s,160.285,2.076,5036142.876,517664.879,160.285,FIXED,30,33,0.870,0.014,0.017,0.0,2023-11-13,11:29:04,RTCM-Ref 18,045d28m42.1269631298s,009d13m45.1661289562s,191.162,252.790,0,0.00000000,270.00000000,0.000,0.000,0.000
19,,045d28m42.9436020000s,009d13m33.7156680000s,162.346,0.0000000000000000,0.0000000000000000,0.000000,045d28m42.9436020000s,009d13m33.7156680000s,160.270,2.076,5036143.370,517665.856,160.270,FIXED,29,33,0.860,0.014,0.017,0.0,2023-11-13,11:29:06,RTCM-Ref 18,045d28m42.1269631298s,009d13m45.1661289562s,191.162,251.874,0,0.00000000,270.00000000,0.000,0.000,0.000
20,,045d28m42.9573000000s,009d13m33.7593300000s,162.345,0.0000000000000000,0.0000000000000000,0.000000,045d28m42.9573000000s,009d13m33.7593300000s,160.269,2.076,5036143.795,517666.803,160.269,FIXED,29,33,0.860,0.014,0.017,0.0,2023-11-13,11:29:08,RTCM-Ref 18,045d28m42.1269631298s,009d13m45.1661289562s,191.162,250.981,0,0.00000000,270.00000000,0.000,0.000,0.000
21,,045d28m42.9705060000s,009d13m33.8018760000s,162.351,0.0000000000000000,0.0000000000000000,0.000000,045d28m42.9705060000s,009d13m33.8018760000s,160.275,2.076,5036144.205,517667.726,160.275,FIXED,28,33,0.900,0.014,0.017,0.0,2023-11-13,11:29:10,RTCM-Ref 18,045d28m42.1269631298s,009d13m45.1661289562s,191.162,250.110,0,0.00000000,270.00000000,0.000,0.000,0.000
22,,045d28m42.9849540000s,009d13m33.8535600000s,162.343,0.0000000000000000,0.0000000000000000,0.000000,045d28m42.9849540000s,009d13m33.8535600000s,160.267,2.076,5036144.654,517668.846,160.267,FIXED,29,33,0.860,0.014,0.017,0.0,2023-11-13,11:29:12,RTCM-Ref 18,045d28m42.1269631298s,009d13m45.1661289562s,191.162,249.050,0,0.00000000,270.00000000,0.000,0.000,0.000
23,,045d28m43.0019040000s,009d13m33.9063660000s,162.354,0.0000000000000000,0.0000000000000000,0.000000,045d28m43.0019040000s,009d13m33.9063660000s,160.278,2.076,5036145.181,517669.991,160.278,FIXED,29,33,0.920,0.014,0.017,0.0,2023-11-13,11:29:14,RTCM-Ref 18,045d28m42.1269631298s,009d13m45.1661289562s,191.162,247.974,0,0.00000000,270.00000000,0.000,0.000,0.000
24,,045d28m43.0150560000s,009d13m33.9620700000s,162.368,0.0000000000000000,0.0000000000000000,0.000000,045d28m43.0150560000s,009d13m33.9620700000s,160.292,2.076,5036145.590,517671.200,160.292,FIXED,28,33,0.860,0.014,0.017,0.0,2023-11-13,11:29:16,RTCM-Ref 18,045d28m42.1269631298s,009d13m45.1661289562s,191.162,246.824,0,0.00000000,270.00000000,0.000,0.000,0.000
25,,045d28m43.0276440000s,009d13m34.0170900000s,162.407,0.0000000000000000,0.0000000000000000,0.000000,045d28m43.0276440000s,009d13m34.0170900000s,160.331,2.076,5036145.982,517672.393,160.331,FIXED,29,33,0.850,0.014,0.017,0.0,2023-11-13,11:29:18,RTCM-Ref 18,045d28m42.1269631298s,009d13m45.1661289562s,191.162,245.684,0,0.00000000,270.00000000,0.000,0.000,0.000
26,,045d28m43.0383180000s,009d13m34.0711020000s,162.407,0.0000000000000000,0.0000000000000000,0.000000,045d28m43.0383180000s,009d13m34.0711020000s,160.331,2.076,5036146.315,517673.565,160.331,FIXED,31,33,0.860,0.014,0.017,0.0,2023-11-13,11:29:20,RTCM-Ref 18,045d28m42.1269631298s,009d13m45.1661289562s,191.162,244.566,0,0.00000000,270.00000000,0.000,0.000,0.000
27,,045d28m43.0486680000s,009d13m34.1247540000s,162.420,0.0000000000000000,0.0000000000000000,0.000000,045d28m43.0486680000s,009d13m34.1247540000s,160.344,2.076,5036146.637,517674.728,160.344,FIXED,31,33,0.850,0.014,0.017,0.0,2023-11-13,11:29:22,RTCM-Ref 18,045d28m42.1269631298s,009d13m45.1661289562s,191.162,243.453,0,0.00000000,270.00000000,0.000,0.000,0.000
28,,045d28m43.0568700000s,009d13m34.1788020000s,162.441,0.0000000000000000,0.0000000000000000,0.000000,045d28m43.0568700000s,009d13m34.1788020000s,160.365,2.076,5036146.894,517675.901,160.365,FIXED,31,33,0.860,0.014,0.017,0.0,2023-11-13,11:29:24,RTCM-Ref 18,045d28m42.1269631298s,009d13m45.1661289562s,191.162,242.324,0,0.00000000,270.00000000,0.000,0.000,0.000
29,,045d28m43.0639200000s,009d13m34.2309120000s,162.461,0.0000000000000000,0.0000000000000000,0.000000,045d28m43.0639200000s,009d13m34.2309120000s,160.385,2.076,5036147.114,517677.032,160.385,FIXED,31,34,0.860,0.014,0.017,0.0,2023-11-13,11:29:26,RTCM-Ref 18,045d28m42.1269631298s,009d13m45.1661289562s,191.162,241.233,0,0.00000000,270.00000000,0.000,0.000,0.000
30,,045d28m43.0703040000s,009d13m34.2812820000s,162.487,0.0000000000000000,0.0000000000000000,0.000000,045d28m43.0703040000s,009d13m34.2812820000s,160.411,2.076,5036147.315,517678.125,160.411,FIXED,31,34,0.840,0.014,0.017,0.0,2023-11-13,11:29:28,RTCM-Ref 18,045d28m42.1269631298s,009d13m45.1661289562s,191.162,240.177,0,0.00000000,270.00000000,0.000,0.000,0.000
31,,045d28m43.0772940000s,009d13m34.3315560000s,162.486,0.0000000000000000,0.0000000000000000,0.000000,045d28m43.0772940000s,009d13m34.3315560000s,160.410,2.076,5036147.533,517679.216,160.410,FIXED,32,34,0.850,0.014,0.017,0.0,2023-11-13,11:29:30,RTCM-Ref 18,045d28m42.1269631298s,009d13m45.1661289562s,191.162,239.128,0,0.00000000,270.00000000,0.000,0.000,0.000
32,,045d28m43.0844640000s,009d13m34.3832460000s,162.504,0.0000000000000000,0.0000000000000000,0.000000,045d28m43.0844640000s,009d13m34.3832460000s,160.428,2.076,5036147.758,517680.337,160.428,FIXED,32,33,0.840,0.014,0.017,0.0,2023-11-13,11:29:32,RTCM-Ref 18,045d28m42.1269631298s,009d13m45.1661289562s,191.162,238.049,0,0.00000000,270.00000000,0.000,0.000,0.000
33,,045d28m43.0867920000s,009d13m34.4361300000s,162.529,0.0000000000000000,0.0000000000000000,0.000000,045d28m43.0867920000s,009d13m34.4361300000s,160.453,2.076,5036147.833,517681.485,160.453,FIXED,31,33,0.840,0.014,0.017,0.0,2023-11-13,11:29:34,RTCM-Ref 18,045d28m42.1269631298s,009d13m45.1661289562s,191.162,236.924,0,0.00000000,270.00000000,0.000,0.000,0.000
34,,045d28m43.0899840000s,009d13m34.4877840000s,162.529,0.0000000000000000,0.0000000000000000,0.000000,045d28m43.0899840000s,009d13m34.4877840000s,160.453,2.076,5036147.934,517682.606,160.453,FIXED,32,33,0.840,0.014,0.017,0.0,2023-11-13,11:29:36,RTCM-Ref 18,045d28m42.1269631298s,009d13m45.1661289562s,191.162,235.833,0,0.00000000,270.00000000,0.000,0.000,0.000
35,,045d28m43.0907460000s,009d13m34.5452400000s,162.551,0.0000000000000000,0.0000000000000000,0.000000,045d28m43.0907460000s,009d13m34.5452400000s,160.475,2.076,5036147.961,517683.854,160.475,FIXED,32,34,0.850,0.014,0.017,0.0,2023-11-13,11:29:38,RTCM-Ref 18,045d28m42.1269631298s,009d13m45.1661289562s,191.162,234.606,0,0.00000000,270.00000000,0.000,0.000,0.000
36,,045d28m43.0925220000s,009d13m34.6010940000s,162.551,0.0000000000000000,0.0000000000000000,0.000000,045d28m43.0925220000s,009d13m34.6010940000s,160.475,2.076,5036148.020,517685.066,160.475,FIXED,32,33,0.840,0.014,0.017,0.0,2023-11-13,11:29:40,RTCM-Ref 18,045d28m42.1269631298s,009d13m45.1661289562s,191.162,233.421,0,0.00000000,270.00000000,0.000,0.000,0.000
37,,045d28m43.0931340000s,009d13m34.6592760000s,162.572,0.0000000000000000,0.0000000000000000,0.000000,045d28m43.0931340000s,009d13m34.6592760000s,160.496,2.076,5036148.042,517686.329,160.496,FIXED,32,33,0.850,0.014,0.017,0.0,2023-11-13,11:29:42,RTCM-Ref 18,045d28m42.1269631298s,009d13m45.1661289562s,191.162,232.178,0,0.00000000,270.00000000,0.000,0.000,0.000
38,,045d28m43.0941180000s,009d13m34.7146680000s,162.593,0.0000000000000000,0.0000000000000000,0.000000,045d28m43.0941180000s,009d13m34.7146680000s,160.517,2.076,5036148.076,517687.532,160.517,FIXED,31,33,0.840,0.014,0.017,0.0,2023-11-13,11:29:44,RTCM-Ref 18,045d28m42.1269631298s,009d13m45.1661289562s,191.162,230.997,0,0.00000000,270.00000000,0.000,0.000,0.000
39,,045d28m43.0925400000s,009d13m34.7649900000s,162.627,0.0000000000000000,0.0000000000000000,0.000000,045d28m43.0925400000s,009d13m34.7649900000s,160.551,2.076,5036148.030,517688.624,160.551,FIXED,32,33,0.840,0.014,0.017,0.0,2023-11-13,11:29:46,RTCM-Ref 18,045d28m42.1269631298s,009d13m45.1661289562s,191.162,229.912,0,0.00000000,270.00000000,0.000,0.000,0.000
40,,045d28m43.0907100000s,009d13m34.8187560000s,162.622,0.0000000000000000,0.0000000000000000,0.000000,045d28m43.0907100000s,009d13m34.8187560000s,160.546,2.076,5036147.977,517689.792,160.546,FIXED,32,34,0.840,0.014,0.017,0.0,2023-11-13,11:29:48,RTCM-Ref 18,045d28m42.1269631298s,009d13m45.1661289562s,191.162,228.758,0,0.00000000,270.00000000,0.000,0.000,0.000
41,,045d28m43.0863540000s,009d13m34.8746820000s,162.645,0.0000000000000000,0.0000000000000000,0.000000,045d28m43.0863540000s,009d13m34.8746820000s,160.569,2.076,5036147.846,517691.006,160.569,FIXED,32,34,0.840,0.014,0.017,0.0,2023-11-13,11:29:50,RTCM-Ref 18,045d28m42.1269631298s,009d13m45.1661289562s,191.162,227.544,0,0.00000000,270.00000000,0.000,0.000,0.000
42,,045d28m43.0842480000s,009d13m34.9271400000s,162.676,0.0000000000000000,0.0000000000000000,0.000000,045d28m43.0842480000s,009d13m34.9271400000s,160.600,2.076,5036147.784,517692.145,160.600,FIXED,32,33,0.840,0.014,0.017,0.0,2023-11-13,11:29:52,RTCM-Ref 18,045d28m42.1269631298s,009d13m45.1661289562s,191.162,226.413,0,0.00000000,270.00000000,0.000,0.000,0.000
43,,045d28m43.0775520000s,009d13m34.9815540000s,162.664,0.0000000000000000,0.0000000000000000,0.000000,045d28m43.0775520000s,009d13m34.9815540000s,160.588,2.076,5036147.581,517693.327,160.588,FIXED,32,34,0.840,0.014,0.017,0.0,2023-11-13,11:29:54,RTCM-Ref 18,045d28m42.1269631298s,009d13m45.1661289562s,191.162,225.226,0,0.00000000,270.00000000,0.000,0.000,0.000
44,,045d28m43.0758600000s,009d13m35.0364360000s,162.690,0.0000000000000000,0.0000000000000000,0.000000,045d28m43.0758600000s,009d13m35.0364360000s,160.614,2.076,5036147.532,517694.519,160.614,FIXED,32,33,0.840,0.014,0.017,0.0,2023-11-13,11:29:56,RTCM-Ref 18,045d28m42.1269631298s,009d13m45.1661289562s,191.162,224.045,0,0.00000000,270.00000000,0.000,0.000,0.000
45,,045d28m43.0729080000s,009d13m35.0932440000s,162.709,0.0000000000000000,0.0000000000000000,0.000000,045d28m43.0729080000s,009d13m35.0932440000s,160.633,2.076,5036147.445,517695.752,160.633,FIXED,32,33,0.860,0.014,0.017,0.0,2023-11-13,11:29:58,RTCM-Ref 18,045d28m42.1269631298s,009d13m45.1661289562s,191.162,222.819,0,0.00000000,270.00000000,0.000,0.000,0.000
46,,045d28m43.0671480000s,009d13m35.1439860000s,162.698,0.0000000000000000,0.0000000000000000,0.000000,045d28m43.0671480000s,009d13m35.1439860000s,160.622,2.076,5036147.270,517696.855,160.622,FIXED,30,35,0.840,0.014,0.017,0.0,2023-11-13,11:30:00,RTCM-Ref 18,045d28m42.1269631298s,009d13m45.1661289562s,191.162,221.715,0,0.00000000,270.00000000,0.000,0.000,0.000
47,,045d28m43.0594500000s,009d13m35.2105140000s,162.743,0.0000000000000000,0.0000000000000000,0.000000,045d28m43.0594500000s,009d13m35.2105140000s,160.667,2.076,5036147.036,517698.299,160.667,FIXED,32,35,0.860,0.014,0.017,0.0,2023-11-13,11:30:09,RTCM-Ref 18,045d28m42.1269631298s,009d13m45.1661289562s,191.162,220.260,0,0.00000000,270.00000000,0.000,0.000,0.000
48,,045d28m43.0535160000s,009d13m35.2599720000s,162.748,0.0000000000000000,0.0000000000000000,0.000000,045d28m43.0535160000s,009d13m35.2599720000s,160.672,2.076,5036146.856,517699.374,160.672,FIXED,31,32,0.850,0.014,0.017,0.0,2023-11-13,11:30:11,RTCM-Ref 18,045d28m42.1269631298s,009d13m45.1661289562s,191.162,219.180,0,0.00000000,270.00000000,0.000,0.000,0.000
49,,045d28m43.0494780000s,009d13m35.3111700000s,162.775,0.0000000000000000,0.0000000000000000,0.000000,045d28m43.0494780000s,009d13m35.3111700000s,160.699,2.076,5036146.735,517700.486,160.699,FIXED,31,33,0.880,0.014,0.017,0.0,2023-11-13,11:30:13,RTCM-Ref 18,045d28m42.1269631298s,009d13m45.1661289562s,191.162,218.069,0,0.00000000,270.00000000,0.000,0.000,0.000
50,,045d28m43.0409280000s,009d13m35.3627580000s,162.769,0.0000000000000000,0.0000000000000000,0.000000,045d28m43.0409280000s,009d13m35.3627580000s,160.693,2.076,5036146.474,517701.606,160.693,FIXED,30,34,0.880,0.014,0.017,0.0,2023-11-13,11:30:15,RTCM-Ref 18,045d28m42.1269631298s,009d13m45.1661289562s,191.162,216.936,0,0.00000000,270.00000000,0.000,0.000,0.000
51,,045d28m43.0376100000s,009d13m35.4127980000s,162.787,0.0000000000000000,0.0000000000000000,0.000000,045d28m43.0376100000s,009d13m35.4127980000s,160.711,2.076,5036146.375,517702.693,160.711,FIXED,30,34,0.880,0.014,0.017,0.0,2023-11-13,11:30:17,RTCM-Ref 18,045d28m42.1269631298s,009d13m45.1661289562s,191.162,215.853,0,0.00000000,270.00000000,0.000,0.000,0.000
52,,045d28m43.0285860000s,009d13m35.4614160000s,162.787,0.0000000000000000,0.0000000000000000,0.000000,045d28m43.0285860000s,009d13m35.4614160000s,160.711,2.076,5036146.099,517703.749,160.711,FIXED,31,34,0.860,0.014,0.017,0.0,2023-11-13,11:30:19,RTCM-Ref 18,045d28m42.1269631298s,009d13m45.1661289562s,191.162,214.781,0,0.00000000,270.00000000,0.000,0.000,0.000
53,,045d28m43.0208280000s,009d13m35.5107720000s,162.799,0.0000000000000000,0.0000000000000000,0.000000,045d28m43.0208280000s,009d13m35.5107720000s,160.723,2.076,5036145.863,517704.821,160.723,FIXED,31,34,0.860,0.014,0.017,0.0,2023-11-13,11:30:21,RTCM-Ref 18,045d28m42.1269631298s,009d13m45.1661289562s,191.162,213.696,0,0.00000000,270.00000000,0.000,0.000,0.000
54,,045d28m43.0122840000s,009d13m35.5586700000s,162.812,0.0000000000000000,0.0000000000000000,0.000000,045d28m43.0122840000s,009d13m35.5586700000s,160.736,2.076,5036145.602,517705.862,160.736,FIXED,32,34,0.870,0.014,0.017,0.0,2023-11-13,11:30:23,RTCM-Ref 18,045d28m42.1269631298s,009d13m45.1661289562s,191.162,212.639,0,0.00000000,270.00000000,0.000,0.000,0.000
55,,045d28m43.0030320000s,009d13m35.6055300000s,162.830,0.0000000000000000,0.0000000000000000,0.000000,045d28m43.0030320000s,009d13m35.6055300000s,160.754,2.076,5036145.319,517706.880,160.754,FIXED,30,34,0.850,0.014,0.017,0.0,2023-11-13,11:30:25,RTCM-Ref 18,045d28m42.1269631298s,009d13m45.1661289562s,191.162,211.601,0,0.00000000,270.00000000,0.000,0.000,0.000
56,,045d28m42.9941400000s,009d13m35.6531220000s,162.834,0.0000000000000000,0.0000000000000000,0.000000,045d28m42.9941400000s,009d13m35.6531220000s,160.758,2.076,5036145.048,517707.914,160.758,FIXED,30,33,0.870,0.014,0.017,0.0,2023-11-13,11:30:27,RTCM-Ref 18,045d28m42.1269631298s,009d13m45.1661289562s,191.162,210.551,0,0.00000000,270.00000000,0.000,0.000,0.000
57,,045d28m42.9714720000s,009d13m35.7153840000s,162.836,0.0000000000000000,0.0000000000000000,0.000000,045d28m42.9714720000s,009d13m35.7153840000s,160.760,2.076,5036144.352,517709.268,160.760,FIXED,31,33,0.850,0.014,0.017,0.0,2023-11-13,11:30:30,RTCM-Ref 18,045d28m42.1269631298s,009d13m45.1661289562s,191.162,209.136,0,0.00000000,270.00000000,0.000,0.000,0.000
58,,045d28m42.9575100000s,009d13m35.7638040000s,162.858,0.0000000000000000,0.0000000000000000,0.000000,045d28m42.9575100000s,009d13m35.7638040000s,160.782,2.076,5036143.924,517710.320,160.782,FIXED,31,33,0.850,0.014,0.017,0.0,2023-11-13,11:30:32,RTCM-Ref 18,045d28m42.1269631298s,009d13m45.1661289562s,191.162,208.047,0,0.00000000,270.00000000,0.000,0.000,0.000
59,,045d28m42.9449040000s,009d13m35.8108560000s,162.881,0.0000000000000000,0.0000000000000000,0.000000,045d28m42.9449040000s,009d13m35.8108560000s,160.805,2.076,5036143.538,517711.343,160.805,FIXED,30,33,0.890,0.014,0.017,0.0,2023-11-13,11:30:34,RTCM-Ref 18,045d28m42.1269631298s,009d13m45.1661289562s,191.162,206.993,0,0.00000000,270.00000000,0.000,0.000,0.000
60,,045d28m42.9283020000s,009d13m35.8580400000s,162.878,0.0000000000000000,0.0000000000000000,0.000000,045d28m42.9283020000s,009d13m35.8580400000s,160.802,2.076,5036143.029,517712.369,160.802,FIXED,30,33,0.890,0.014,0.017,0.0,2023-11-13,11:30:36,RTCM-Ref 18,045d28m42.1269631298s,009d13m45.1661289562s,191.162,205.925,0,0.00000000,270.00000000,0.000,0.000,0.000
61,,045d28m42.9113520000s,009d13m35.9096400000s,162.905,0.0000000000000000,0.0000000000000000,0.000000,045d28m42.9113520000s,009d13m35.9096400000s,160.829,2.076,5036142.509,517713.490,160.829,FIXED,31,33,0.880,0.014,0.017,0.0,2023-11-13,11:30:38,RTCM-Ref 18,045d28m42.1269631298s,009d13m45.1661289562s,191.162,204.758,0,0.00000000,270.00000000,0.000,0.000,0.000
62,,045d28m42.8922600000s,009d13m35.9557620000s,162.930,0.0000000000000000,0.0000000000000000,0.000000,045d28m42.8922600000s,009d13m35.9557620000s,160.854,2.076,5036141.922,517714.493,160.854,FIXED,30,34,0.890,0.014,0.017,0.0,2023-11-13,11:30:40,RTCM-Ref 18,045d28m42.1269631298s,009d13m45.1661289562s,191.162,203.702,0,0.00000000,270.00000000,0.000,0.000,0.000
63,,045d28m42.8749500000s,009d13m36.0031500000s,162.950,0.0000000000000000,0.0000000000000000,0.000000,045d28m42.8749500000s,009d13m36.0031500000s,160.874,2.076,5036141.391,517715.524,160.874,FIXED,29,33,0.910,0.014,0.017,0.0,2023-11-13,11:30:42,RTCM-Ref 18,045d28m42.1269631298s,009d13m45.1661289562s,191.162,202.627,0,0.00000000,270.00000000,0.000,0.000,0.000
64,,045d28m42.8544180000s,009d13m36.0488880000s,162.957,0.0000000000000000,0.0000000000000000,0.000000,045d28m42.8544180000s,009d13m36.0488880000s,160.881,2.076,5036140.760,517716.519,160.881,FIXED,29,33,0.910,0.014,0.017,0.0,2023-11-13,11:30:44,RTCM-Ref 18,045d28m42.1269631298s,009d13m45.1661289562s,191.162,201.578,0,0.00000000,270.00000000,0.000,0.000,0.000
65,,045d28m42.8359440000s,009d13m36.0937440000s,162.957,0.0000000000000000,0.0000000000000000,0.000000,045d28m42.8359440000s,009d13m36.0937440000s,160.881,2.076,5036140.193,517717.494,160.881,FIXED,30,33,0.910,0.014,0.017,0.0,2023-11-13,11:30:46,RTCM-Ref 18,045d28m42.1269631298s,009d13m45.1661289562s,191.162,200.558,0,0.00000000,270.00000000,0.000,0.000,0.000
66,,045d28m42.8158440000s,009d13m36.1371180000s,162.987,0.0000000000000000,0.0000000000000000,0.000000,045d28m42.8158440000s,009d13m36.1371180000s,160.911,2.076,5036139.575,517718.437,160.911,FIXED,29,33,0.910,0.014,0.017,0.0,2023-11-13,11:30:48,RTCM-Ref 18,045d28m42.1269631298s,009d13m45.1661289562s,191.162,199.561,0,0.00000000,270.00000000,0.000,0.000,0.000
67,,045d28m42.7976400000s,009d13m36.1805640000s,163.054,0.0000000000000000,0.0000000000000000,0.000000,045d28m42.7976400000s,009d13m36.1805640000s,160.978,2.076,5036139.016,517719.382,160.978,FIXED,29,33,0.890,0.014,0.017,0.0,2023-11-13,11:30:50,RTCM-Ref 18,045d28m42.1269631298s,009d13m45.1661289562s,191.162,198.564,0,0.00000000,270.00000000,0.000,0.000,0.000
68,,045d28m42.7773060000s,009d13m36.2240700000s,163.051,0.0000000000000000,0.0000000000000000,0.000000,045d28m42.7773060000s,009d13m36.2240700000s,160.975,2.076,5036138.391,517720.328,160.975,FIXED,30,33,0.910,0.014,0.017,0.0,2023-11-13,11:30:52,RTCM-Ref 18,045d28m42.1269631298s,009d13m45.1661289562s,191.162,197.572,0,0.00000000,270.00000000,0.000,0.000,0.000
69,,045d28m42.7534740000s,009d13m36.2677800000s,163.062,0.0000000000000000,0.0000000000000000,0.000000,045d28m42.7534740000s,009d13m36.2677800000s,160.986,2.076,5036137.659,517721.279,160.986,FIXED,29,35,0.950,0.014,0.017,0.0,2023-11-13,11:30:54,RTCM-Ref 18,045d28m42.1269631298s,009d13m45.1661289562s,191.162,196.563,0,0.00000000,270.00000000,0.000,0.000,0.000
70,,045d28m42.7269180000s,009d13m36.2981820000s,163.069,0.0000000000000000,0.0000000000000000,0.000000,045d28m42.7269180000s,009d13m36.2981820000s,160.993,2.076,5036136.841,517721.942,160.993,FIXED,29,35,0.890,0.014,0.017,0.0,2023-11-13,11:30:56,RTCM-Ref 18,045d28m42.1269631298s,009d13m45.1661289562s,191.162,195.833,0,0.00000000,270.00000000,0.000,0.000,0.000
71,,045d28m42.6930660000s,009d13m36.3301980000s,163.063,0.0000000000000000,0.0000000000000000,0.000000,045d28m42.6930660000s,009d13m36.3301980000s,160.987,2.076,5036135.798,517722.640,160.987,FIXED,30,35,0.920,0.014,0.017,0.0,2023-11-13,11:30:58,RTCM-Ref 18,045d28m42.1269631298s,009d13m45.1661289562s,191.162,195.054,0,0.00000000,270.00000000,0.000,0.000,0.000
72,,045d28m42.6540120000s,009d13m36.3560220000s,163.082,0.0000000000000000,0.0000000000000000,0.000000,045d28m42.6540120000s,009d13m36.3560220000s,161.006,2.076,5036134.595,517723.204,161.006,FIXED,29,34,0.910,0.014,0.017,0.0,2023-11-13,11:31:00,RTCM-Ref 18,045d28m42.1269631298s,009d13m45.1661289562s,191.162,194.395,0,0.00000000,270.00000000,0.000,0.000,0.000
73,,045d28m42.6151080000s,009d13m36.3864780000s,163.066,0.0000000000000000,0.0000000000000000,0.000000,045d28m42.6151080000s,009d13m36.3864780000s,160.990,2.076,5036133.396,517723.868,160.990,FIXED,29,35,0.910,0.014,0.017,0.0,2023-11-13,11:31:02,RTCM-Ref 18,045d28m42.1269631298s,009d13m45.1661289562s,191.162,193.649,0,0.00000000,270.00000000,0.000,0.000,0.000
74,,045d28m42.5778720000s,009d13m36.4089120000s,163.057,0.0000000000000000,0.0000000000000000,0.000000,045d28m42.5778720000s,009d13m36.4089120000s,160.981,2.076,5036132.248,517724.359,160.981,FIXED,29,35,0.890,0.014,0.017,0.0,2023-11-13,11:31:04,RTCM-Ref 18,045d28m42.1269631298s,009d13m45.1661289562s,191.162,193.084,0,0.00000000,270.00000000,0.000,0.000,0.000
75,,045d28m42.5413860000s,009d13m36.4370520000s,163.060,0.0000000000000000,0.0000000000000000,0.000000,045d28m42.5413860000s,009d13m36.4370520000s,160.984,2.076,5036131.124,517724.973,160.984,FIXED,27,34,0.890,0.014,0.017,0.0,2023-11-13,11:31:06,RTCM-Ref 18,045d28m42.1269631298s,009d13m45.1661289562s,191.162,192.404,0,0.00000000,270.00000000,0.000,0.000,0.000
76,,045d28m42.5005320000s,009d13m36.4562760000s,163.052,0.0000000000000000,0.0000000000000000,0.000000,045d28m42.5005320000s,009d13m36.4562760000s,160.976,2.076,5036129.864,517725.394,160.976,FIXED,30,33,0.960,0.014,0.017,0.0,2023-11-13,11:31:08,RTCM-Ref 18,045d28m42.1269631298s,009d13m45.1661289562s,191.162,191.913,0,0.00000000,270.00000000,0.000,0.000,0.000
77,,045d28m42.4635240000s,009d13m36.4762800000s,163.045,0.0000000000000000,0.0000000000000000,0.000000,045d28m42.4635240000s,009d13m36.4762800000s,160.969,2.076,5036128.723,517725.831,160.969,FIXED,27,35,0.970,0.014,0.017,0.0,2023-11-13,11:31:10,RTCM-Ref 18,045d28m42.1269631298s,009d13m45.1661289562s,191.162,191.421,0,0.00000000,270.00000000,0.000,0.000,0.000
78,,045d28m42.4276980000s,009d13m36.4943820000s,163.023,0.0000000000000000,0.0000000000000000,0.000000,045d28m42.4276980000s,009d13m36.4943820000s,160.947,2.076,5036127.619,517726.227,160.947,FIXED,28,35,0.970,0.014,0.017,0.0,2023-11-13,11:31:12,RTCM-Ref 18,045d28m42.1269631298s,009d13m45.1661289562s,191.162,190.980,0,0.00000000,270.00000000,0.000,0.000,0.000
79,,045d28m42.3933960000s,009d13m36.5147400000s,163.035,0.0000000000000000,0.0000000000000000,0.000000,045d28m42.3933960000s,009d13m36.5147400000s,160.959,2.076,5036126.562,517726.672,160.959,FIXED,29,35,0.970,0.014,0.017,0.0,2023-11-13,11:31:14,RTCM-Ref 18,045d28m42.1269631298s,009d13m45.1661289562s,191.162,190.493,0,0.00000000,270.00000000,0.000,0.000,0.000
80,,045d28m42.3596760000s,009d13m36.5281080000s,163.028,0.0000000000000000,0.0000000000000000,0.000000,045d28m42.3596760000s,009d13m36.5281080000s,160.952,2.076,5036125.522,517726.966,160.952,FIXED,30,34,0.900,0.014,0.017,0.0,2023-11-13,11:31:16,RTCM-Ref 18,045d28m42.1269631298s,009d13m45.1661289562s,191.162,190.166,0,0.00000000,270.00000000,0.000,0.000,0.000
81,,045d28m42.3251700000s,009d13m36.5472480000s,163.008,0.0000000000000000,0.0000000000000000,0.000000,045d28m42.3251700000s,009d13m36.5472480000s,160.932,2.076,5036124.458,517727.384,160.932,FIXED,29,34,0.900,0.014,0.017,0.0,2023-11-13,11:31:18,RTCM-Ref 18,045d28m42.1269631298s,009d13m45.1661289562s,191.162,189.721,0,0.00000000,270.00000000,0.000,0.000,0.000
82,,045d28m42.2909880000s,009d13m36.5640540000s,163.022,0.0000000000000000,0.0000000000000000,0.000000,045d28m42.2909880000s,009d13m36.5640540000s,160.946,2.076,5036123.404,517727.752,160.946,FIXED,29,34,0.950,0.014,0.017,0.0,2023-11-13,11:31:20,RTCM-Ref 18,045d28m42.1269631298s,009d13m45.1661289562s,191.162,189.328,0,0.00000000,270.00000000,0.000,0.000,0.000
83,,045d28m42.2568900000s,009d13m36.5797920000s,163.018,0.0000000000000000,0.0000000000000000,0.000000,045d28m42.2568900000s,009d13m36.5797920000s,160.942,2.076,5036122.353,517728.097,160.942,FIXED,30,34,0.970,0.014,0.017,0.0,2023-11-13,11:31:22,RTCM-Ref 18,045d28m42.1269631298s,009d13m45.1661289562s,191.162,188.966,0,0.00000000,270.00000000,0.000,0.000,0.000
84,,045d28m42.2188140000s,009d13m36.5928600000s,163.026,0.0000000000000000,0.0000000000000000,0.000000,045d28m42.2188140000s,009d13m36.5928600000s,160.950,2.076,5036121.179,517728.384,160.950,FIXED,31,34,0.900,0.014,0.017,0.0,2023-11-13,11:31:24,RTCM-Ref 18,045d28m42.1269631298s,009d13m45.1661289562s,191.162,188.663,0,0.00000000,270.00000000,0.000,0.000,0.000
85,,045d28m42.1835100000s,009d13m36.6074160000s,163.014,0.0000000000000000,0.0000000000000000,0.000000,045d28m42.1835100000s,009d13m36.6074160000s,160.938,2.076,5036120.090,517728.703,160.938,FIXED,30,34,0.890,0.014,0.017,0.0,2023-11-13,11:31:26,RTCM-Ref 18,045d28m42.1269631298s,009d13m45.1661289562s,191.162,188.340,0,0.00000000,270.00000000,0.000,0.000,0.000
86,,045d28m42.1479960000s,009d13m36.6247860000s,163.024,0.0000000000000000,0.0000000000000000,0.000000,045d28m42.1479960000s,009d13m36.6247860000s,160.948,2.076,5036118.995,517729.083,160.948,FIXED,29,34,0.890,0.014,0.017,0.0,2023-11-13,11:31:28,RTCM-Ref 18,045d28m42.1269631298s,009d13m45.1661289562s,191.162,187.959,0,0.00000000,270.00000000,0.000,0.000,0.000
87,,045d28m42.1100160000s,009d13m36.6371880000s,163.028,0.0000000000000000,0.0000000000000000,0.000000,045d28m42.1100160000s,009d13m36.6371880000s,160.952,2.076,5036117.824,517729.355,160.952,FIXED,30,34,0.920,0.014,0.017,0.0,2023-11-13,11:31:30,RTCM-Ref 18,045d28m42.1269631298s,009d13m45.1661289562s,191.162,187.692,0,0.00000000,270.00000000,0.000,0.000,0.000
88,,045d28m42.0741840000s,009d13m36.6510420000s,163.009,0.0000000000000000,0.0000000000000000,0.000000,045d28m42.0741840000s,009d13m36.6510420000s,160.933,2.076,5036116.719,517729.659,160.933,FIXED,31,34,0.940,0.014,0.017,0.0,2023-11-13,11:31:32,RTCM-Ref 18,045d28m42.1269631298s,009d13m45.1661289562s,191.162,187.405,0,0.00000000,270.00000000,0.000,0.000,0.000
89,,045d28m42.0347520000s,009d13m36.6630120000s,163.013,0.0000000000000000,0.0000000000000000,0.000000,045d28m42.0347520000s,009d13m36.6630120000s,160.937,2.076,5036115.503,517729.923,160.937,FIXED,29,34,1.000,0.014,0.017,0.0,2023-11-13,11:31:34,RTCM-Ref 18,045d28m42.1269631298s,009d13m45.1661289562s,191.162,187.162,0,0.00000000,270.00000000,0.000,0.000,0.000
90,,045d28m41.9968920000s,009d13m36.6777900000s,163.032,0.0000000000000000,0.0000000000000000,0.000000,045d28m41.9968920000s,009d13m36.6777900000s,160.956,2.076,5036114.335,517730.247,160.956,FIXED,28,33,0.990,0.014,0.017,0.0,2023-11-13,11:31:36,RTCM-Ref 18,045d28m42.1269631298s,009d13m45.1661289562s,191.162,186.864,0,0.00000000,270.00000000,0.000,0.000,0.000
91,,045d28m41.9571240000s,009d13m36.6880800000s,163.036,0.0000000000000000,0.0000000000000000,0.000000,045d28m41.9571240000s,009d13m36.6880800000s,160.960,2.076,5036113.109,517730.474,160.960,FIXED,30,33,0.900,0.014,0.017,0.0,2023-11-13,11:31:38,RTCM-Ref 18,045d28m42.1269631298s,009d13m45.1661289562s,191.162,186.673,0,0.00000000,270.00000000,0.000,0.000,0.000
92,,045d28m41.9191800000s,009d13m36.7008240000s,163.015,0.0000000000000000,0.0000000000000000,0.000000,045d28m41.9191800000s,009d13m36.7008240000s,160.939,2.076,5036111.939,517730.754,160.939,FIXED,29,33,0.850,0.014,0.017,0.0,2023-11-13,11:31:40,RTCM-Ref 18,045d28m42.1269631298s,009d13m45.1661289562s,191.162,186.440,0,0.00000000,270.00000000,0.000,0.000,0.000
93,,045d28m41.8794180000s,009d13m36.7087080000s,163.022,0.0000000000000000,0.0000000000000000,0.000000,045d28m41.8794180000s,009d13m36.7087080000s,160.946,2.076,5036110.712,517730.928,160.946,FIXED,31,33,0.900,0.014,0.017,0.0,2023-11-13,11:31:42,RTCM-Ref 18,045d28m42.1269631298s,009d13m45.1661289562s,191.162,186.316,0,0.00000000,270.00000000,0.000,0.000,0.000
94,,045d28m41.8374660000s,009d13m36.7251960000s,163.021,0.0000000000000000,0.0000000000000000,0.000000,045d28m41.8374660000s,009d13m36.7251960000s,160.945,2.076,5036109.418,517731.290,160.945,FIXED,29,33,0.960,0.014,0.017,0.0,2023-11-13,11:31:44,RTCM-Ref 18,045d28m42.1269631298s,009d13m45.1661289562s,191.162,186.021,0,0.00000000,270.00000000,0.000,0.000,0.000
95,,045d28m41.7938460000s,009d13m36.7357140000s,163.024,0.0000000000000000,0.0000000000000000,0.000000,045d28m41.7938460000s,009d13m36.7357140000s,160.948,2.076,5036108.073,517731.522,160.948,FIXED,30,33,0.980,0.014,0.017,0.0,2023-11-13,11:31:46,RTCM-Ref 18,045d28m42.1269631298s,009d13m45.1661289562s,191.162,185.865,0,0.00000000,270.00000000,0.000,0.000,0.000
96,,045d28m41.7517920000s,009d13m36.7468560000s,163.028,0.0000000000000000,0.0000000000000000,0.000000,045d28m41.7517920000s,009d13m36.7468560000s,160.952,2.076,5036106.776,517731.768,160.952,FIXED,29,33,0.960,0.014,0.017,0.0,2023-11-13,11:31:48,RTCM-Ref 18,045d28m42.1269631298s,009d13m45.1661289562s,191.162,185.703,0,0.00000000,270.00000000,0.000,0.000,0.000
97,,045d28m41.7096420000s,009d13m36.7558920000s,163.025,0.0000000000000000,0.0000000000000000,0.000000,045d28m41.7096420000s,009d13m36.7558920000s,160.949,2.076,5036105.476,517731.967,160.949,FIXED,28,34,0.900,0.014,0.017,0.0,2023-11-13,11:31:50,RTCM-Ref 18,045d28m42.1269631298s,009d13m45.1661289562s,191.162,185.596,0,0.00000000,270.00000000,0.000,0.000,0.000
98,,045d28m41.6661660000s,009d13m36.7632240000s,163.014,0.0000000000000000,0.0000000000000000,0.000000,045d28m41.6661660000s,009d13m36.7632240000s,160.938,2.076,5036104.134,517732.130,160.938,FIXED,31,34,0.900,0.014,0.017,0.0,2023-11-13,11:31:52,RTCM-Ref 18,045d28m42.1269631298s,009d13m45.1661289562s,191.162,185.539,0,0.00000000,270.00000000,0.000,0.000,0.000
99,,045d28m41.6254980000s,009d13m36.7724160000s,163.010,0.0000000000000000,0.0000000000000000,0.000000,045d28m41.6254980000s,009d13m36.7724160000s,160.934,2.076,5036102.880,517732.333,160.934,FIXED,30,34,0.880,0.014,0.017,0.0,2023-11-13,11:31:54,RTCM-Ref 18,045d28m42.1269631298s,009d13m45.1661289562s,191.162,185.444,0,0.00000000,270.00000000,0.000,0.000,0.000
100,,045d28m41.5859340000s,009d13m36.7776000000s,163.010,0.0000000000000000,0.0000000000000000,0.000000,045d28m41.5859340000s,009d13m36.7776000000s,160.934,2.076,5036101.659,517732.449,160.934,FIXED,31,34,0.880,0.014,0.017,0.0,2023-11-13,11:31:56,RTCM-Ref 18,045d28m42.1269631298s,009d13m45.1661289562s,191.162,185.439,0,0.00000000,270.00000000,0.000,0.000,0.000
101,,045d28m41.5502820000s,009d13m36.7828380000s,163.011,0.0000000000000000,0.0000000000000000,0.000000,045d28m41.5502820000s,009d13m36.7828380000s,160.935,2.076,5036100.559,517732.566,160.935,FIXED,31,34,0.900,0.014,0.017,0.0,2023-11-13,11:31:58,RTCM-Ref 18,045d28m42.1269631298s,009d13m45.1661289562s,191.162,185.430,0,0.00000000,270.00000000,0.000,0.000,0.000
102,,045d28m41.5317360000s,009d13m36.7359540000s,163.017,0.0000000000000000,0.0000000000000000,0.000000,045d28m41.5317360000s,009d13m36.7359540000s,160.941,2.076,5036099.984,517731.550,160.941,FIXED,30,34,0.890,0.014,0.017,0.0,2023-11-13,11:32:02,RTCM-Ref 18,045d28m42.1269631298s,009d13m45.1661289562s,191.162,186.484,0,0.00000000,270.00000000,0.000,0.000,0.000
103,,045d28m41.5291980000s,009d13m36.6857640000s,162.988,0.0000000000000000,0.0000000000000000,0.000000,045d28m41.5291980000s,009d13m36.6857640000s,160.912,2.076,5036099.903,517730.461,160.912,FIXED,31,34,0.900,0.014,0.017,0.0,2023-11-13,11:32:04,RTCM-Ref 18,045d28m42.1269631298s,009d13m45.1661289562s,191.162,187.567,0,0.00000000,270.00000000,0.000,0.000,0.000
104,,045d28m41.5301580000s,009d13m36.6318300000s,162.955,0.0000000000000000,0.0000000000000000,0.000000,045d28m41.5301580000s,009d13m36.6318300000s,160.879,2.076,5036099.929,517729.290,160.879,FIXED,31,33,0.910,0.014,0.017,0.0,2023-11-13,11:32:06,RTCM-Ref 18,045d28m42.1269631298s,009d13m45.1661289562s,191.162,188.720,0,0.00000000,270.00000000,0.000,0.000,0.000
105,,045d28m41.5307100000s,009d13m36.5809500000s,162.924,0.0000000000000000,0.0000000000000000,0.000000,045d28m41.5307100000s,009d13m36.5809500000s,160.848,2.076,5036099.943,517728.185,160.848,FIXED,29,33,0.890,0.014,0.017,0.0,2023-11-13,11:32:08,RTCM-Ref 18,045d28m42.1269631298s,009d13m45.1661289562s,191.162,189.809,0,0.00000000,270.00000000,0.000,0.000,0.000
106,,045d28m41.5308300000s,009d13m36.5311500000s,162.876,0.0000000000000000,0.0000000000000000,0.000000,045d28m41.5308300000s,009d13m36.5311500000s,160.800,2.076,5036099.944,517727.104,160.800,FIXED,30,33,0.920,0.014,0.017,0.0,2023-11-13,11:32:10,RTCM-Ref 18,045d28m42.1269631298s,009d13m45.1661289562s,191.162,190.879,0,0.00000000,270.00000000,0.000,0.000,0.000
107,,045d28m41.4952800000s,009d13m36.5010300000s,162.819,0.0000000000000000,0.0000000000000000,0.000000,045d28m41.4952800000s,009d13m36.5010300000s,160.743,2.076,5036098.845,517726.453,160.743,FIXED,28,32,0.940,0.014,0.017,0.0,2023-11-13,11:32:14,RTCM-Ref 18,045d28m42.1269631298s,009d13m45.1661289562s,191.162,191.639,0,0.00000000,270.00000000,0.000,0.000,0.000
108,,045d28m41.4492360000s,009d13m36.5034780000s,162.816,0.0000000000000000,0.0000000000000000,0.000000,045d28m41.4492360000s,009d13m36.5034780000s,160.740,2.076,5036097.424,517726.510,160.740,FIXED,30,33,0.890,0.014,0.017,0.0,2023-11-13,11:32:17,RTCM-Ref 18,045d28m42.1269631298s,009d13m45.1661289562s,191.162,191.737,0,0.00000000,270.00000000,0.000,0.000,0.000
109,,045d28m41.4153480000s,009d13m36.5038740000s,162.793,0.0000000000000000,0.0000000000000000,0.000000,045d28m41.4153480000s,009d13m36.5038740000s,160.717,2.076,5036096.378,517726.522,160.717,FIXED,28,33,0.890,0.014,0.017,0.0,2023-11-13,11:32:19,RTCM-Ref 18,045d28m42.1269631298s,009d13m45.1661289562s,191.162,191.850,0,0.00000000,270.00000000,0.000,0.000,0.000
110,,045d28m41.3797620000s,009d13m36.5048760000s,162.814,0.0000000000000000,0.0000000000000000,0.000000,045d28m41.3797620000s,009d13m36.5048760000s,160.738,2.076,5036095.280,517726.547,160.738,FIXED,30,34,0.900,0.014,0.017,0.0,2023-11-13,11:32:21,RTCM-Ref 18,045d28m42.1269631298s,009d13m45.1661289562s,191.162,191.954,0,0.00000000,270.00000000,0.000,0.000,0.000
111,,045d28m41.3441280000s,009d13m36.5043600000s,162.799,0.0000000000000000,0.0000000000000000,0.000000,045d28m41.3441280000s,009d13m36.5043600000s,160.723,2.076,5036094.180,517726.538,160.723,FIXED,31,34,0.910,0.014,0.017,0.0,2023-11-13,11:32:23,RTCM-Ref 18,045d28m42.1269631298s,009d13m45.1661289562s,191.162,192.102,0,0.00000000,270.00000000,0.000,0.000,0.000
112,,045d28m41.3075700000s,009d13m36.5060400000s,162.793,0.0000000000000000,0.0000000000000000,0.000000,045d28m41.3075700000s,009d13m36.5060400000s,160.717,2.076,5036093.052,517726.578,160.717,FIXED,31,34,0.900,0.014,0.017,0.0,2023-11-13,11:32:25,RTCM-Ref 18,045d28m42.1269631298s,009d13m45.1661289562s,191.162,192.213,0,0.00000000,270.00000000,0.000,0.000,0.000
113,,045d28m41.2711980000s,009d13m36.5044920000s,162.805,0.0000000000000000,0.0000000000000000,0.000000,045d28m41.2711980000s,009d13m36.5044920000s,160.729,2.076,5036091.930,517726.548,160.729,FIXED,30,34,0.860,0.014,0.017,0.0,2023-11-13,11:32:27,RTCM-Ref 18,045d28m42.1269631298s,009d13m45.1661289562s,191.162,192.395,0,0.00000000,270.00000000,0.000,0.000,0.000
114,,045d28m41.2353780000s,009d13m36.5088720000s,162.798,0.0000000000000000,0.0000000000000000,0.000000,045d28m41.2353780000s,009d13m36.5088720000s,160.722,2.076,5036090.825,517726.646,160.722,FIXED,30,34,0.870,0.014,0.017,0.0,2023-11-13,11:32:29,RTCM-Ref 18,045d28m42.1269631298s,009d13m45.1661289562s,191.162,192.458,0,0.00000000,270.00000000,0.000,0.000,0.000
115,,045d28m41.1998520000s,009d13m36.5059380000s,162.798,0.0000000000000000,0.0000000000000000,0.000000,045d28m41.1998520000s,009d13m36.5059380000s,160.722,2.076,5036089.728,517726.585,160.722,FIXED,31,34,0.910,0.014,0.017,0.0,2023-11-13,11:32:31,RTCM-Ref 18,045d28m42.1269631298s,009d13m45.1661289562s,191.162,192.680,0,0.00000000,270.00000000,0.000,0.000,0.000
116,,045d28m41.1669900000s,009d13m36.5087940000s,162.828,0.0000000000000000,0.0000000000000000,0.000000,045d28m41.1669900000s,009d13m36.5087940000s,160.752,2.076,5036088.714,517726.650,160.752,FIXED,29,34,0.910,0.014,0.017,0.0,2023-11-13,11:32:36,RTCM-Ref 18,045d28m42.1269631298s,009d13m45.1661289562s,191.162,192.768,0,0.00000000,270.00000000,0.000,0.000,0.000
117,,045d28m41.1305880000s,009d13m36.5092860000s,162.787,0.0000000000000000,0.0000000000000000,0.000000,045d28m41.1305880000s,009d13m36.5092860000s,160.711,2.076,5036087.591,517726.664,160.711,FIXED,30,33,0.900,0.014,0.017,0.0,2023-11-13,11:32:48,RTCM-Ref 18,045d28m42.1269631298s,009d13m45.1661289562s,191.162,192.941,0,0.00000000,270.00000000,0.000,0.000,0.000
118,,045d28m41.0880000000s,009d13m36.5093100000s,162.775,0.0000000000000000,0.0000000000000000,0.000000,045d28m41.0880000000s,009d13m36.5093100000s,160.699,2.076,5036086.277,517726.668,160.699,FIXED,31,34,0.900,0.014,0.017,0.0,2023-11-13,11:32:51,RTCM-Ref 18,045d28m42.1269631298s,009d13m45.1661289562s,191.162,193.156,0,0.00000000,270.00000000,0.000,0.000,0.000
119,,045d28m41.0551260000s,009d13m36.5113920000s,162.807,0.0000000000000000,0.0000000000000000,0.000000,045d28m41.0551260000s,009d13m36.5113920000s,160.731,2.076,5036085.262,517726.716,160.731,FIXED,31,34,0.960,0.014,0.017,0.0,2023-11-13,11:32:53,RTCM-Ref 18,045d28m42.1269631298s,009d13m45.1661289562s,191.162,193.278,0,0.00000000,270.00000000,0.000,0.000,0.000
120,,045d28m41.0201040000s,009d13m36.5092500000s,162.791,0.0000000000000000,0.0000000000000000,0.000000,045d28m41.0201040000s,009d13m36.5092500000s,160.715,2.076,5036084.181,517726.673,160.715,FIXED,28,34,0.960,0.014,0.017,0.0,2023-11-13,11:32:55,RTCM-Ref 18,045d28m42.1269631298s,009d13m45.1661289562s,191.162,193.514,0,0.00000000,270.00000000,0.000,0.000,0.000
121,,045d28m40.9801320000s,009d13m36.5122740000s,162.775,0.0000000000000000,0.0000000000000000,0.000000,045d28m40.9801320000s,009d13m36.5122740000s,160.699,2.076,5036082.948,517726.742,160.699,FIXED,30,34,0.960,0.014,0.017,0.0,2023-11-13,11:32:57,RTCM-Ref 18,045d28m42.1269631298s,009d13m45.1661289562s,191.162,193.674,0,0.00000000,270.00000000,0.000,0.000,0.000
122,,045d28m40.9430220000s,009d13m36.5127000000s,162.764,0.0000000000000000,0.0000000000000000,0.000000,045d28m40.9430220000s,009d13m36.5127000000s,160.688,2.076,5036081.803,517726.754,160.688,FIXED,29,34,0.980,0.014,0.017,0.0,2023-11-13,11:32:59,RTCM-Ref 18,045d28m42.1269631298s,009d13m45.1661289562s,191.162,193.880,0,0.00000000,270.00000000,0.000,0.000,0.000
123,,045d28m40.9067220000s,009d13m36.5153580000s,162.780,0.0000000000000000,0.0000000000000000,0.000000,045d28m40.9067220000s,009d13m36.5153580000s,160.704,2.076,5036080.683,517726.815,160.704,FIXED,29,33,0.960,0.014,0.017,0.0,2023-11-13,11:33:01,RTCM-Ref 18,045d28m42.1269631298s,009d13m45.1661289562s,191.162,194.036,0,0.00000000,270.00000000,0.000,0.000,0.000
124,,045d28m40.8681240000s,009d13m36.5143920000s,162.786,0.0000000000000000,0.0000000000000000,0.000000,045d28m40.8681240000s,009d13m36.5143920000s,160.710,2.076,5036079.491,517726.798,160.710,FIXED,30,33,0.960,0.014,0.017,0.0,2023-11-13,11:33:03,RTCM-Ref 18,045d28m42.1269631298s,009d13m45.1661289562s,191.162,194.290,0,0.00000000,270.00000000,0.000,0.000,0.000
125,,045d28m40.8330180000s,009d13m36.5158140000s,162.789,0.0000000000000000,0.0000000000000000,0.000000,045d28m40.8330180000s,009d13m36.5158140000s,160.713,2.076,5036078.408,517726.832,160.713,FIXED,29,33,0.950,0.014,0.017,0.0,2023-11-13,11:33:05,RTCM-Ref 18,045d28m42.1269631298s,009d13m45.1661289562s,191.162,194.480,0,0.00000000,270.00000000,0.000,0.000,0.000
126,,045d28m40.7976840000s,009d13m36.5188620000s,162.808,0.0000000000000000,0.0000000000000000,0.000000,045d28m40.7976840000s,009d13m36.5188620000s,160.732,2.076,5036077.318,517726.901,160.732,FIXED,28,33,0.980,0.014,0.017,0.0,2023-11-13,11:33:07,RTCM-Ref 18,045d28m42.1269631298s,009d13m45.1661289562s,191.162,194.640,0,0.00000000,270.00000000,0.000,0.000,0.000
127,,045d28m40.7907600000s,009d13m36.5720760000s,162.845,0.0000000000000000,0.0000000000000000,0.000000,045d28m40.7907600000s,009d13m36.5720760000s,160.769,2.076,5036077.108,517728.057,160.769,FIXED,28,33,0.950,0.014,0.017,0.0,2023-11-13,11:33:10,RTCM-Ref 18,045d28m42.1269631298s,009d13m45.1661289562s,191.162,193.564,0,0.00000000,270.00000000,0.000,0.000,0.000
128,,045d28m40.7907780000s,009d13m36.6434580000s,162.903,0.0000000000000000,0.0000000000000000,0.000000,045d28m40.7907780000s,009d13m36.6434580000s,160.827,2.076,5036077.112,517729.606,160.827,FIXED,28,33,0.960,0.014,0.017,0.0,2023-11-13,11:33:13,RTCM-Ref 18,045d28m42.1269631298s,009d13m45.1661289562s,191.162,192.060,0,0.00000000,270.00000000,0.000,0.000,0.000
129,,045d28m40.7924220000s,009d13m36.6946080000s,162.944,0.0000000000000000,0.0000000000000000,0.000000,045d28m40.7924220000s,009d13m36.6946080000s,160.868,2.076,5036077.166,517730.717,160.868,FIXED,29,33,0.960,0.014,0.017,0.0,2023-11-13,11:33:15,RTCM-Ref 18,045d28m42.1269631298s,009d13m45.1661289562s,191.162,190.972,0,0.00000000,270.00000000,0.000,0.000,0.000
130,,045d28m40.7917020000s,009d13m36.7453380000s,162.988,0.0000000000000000,0.0000000000000000,0.000000,045d28m40.7917020000s,009d13m36.7453380000s,160.912,2.076,5036077.147,517731.818,160.912,FIXED,29,33,0.960,0.014,0.017,0.0,2023-11-13,11:33:17,RTCM-Ref 18,045d28m42.1269631298s,009d13m45.1661289562s,191.162,189.909,0,0.00000000,270.00000000,0.000,0.000,0.000
131,,045d28m40.7808600000s,009d13m36.7890240000s,163.000,0.0000000000000000,0.0000000000000000,0.000000,045d28m40.7808600000s,009d13m36.7890240000s,160.924,2.076,5036076.815,517732.768,160.924,FIXED,30,33,0.950,0.014,0.017,0.0,2023-11-13,11:33:20,RTCM-Ref 18,045d28m42.1269631298s,009d13m45.1661289562s,191.162,189.067,0,0.00000000,270.00000000,0.000,0.000,0.000
132,,045d28m40.7363100000s,009d13m36.7813260000s,162.990,0.0000000000000000,0.0000000000000000,0.000000,045d28m40.7363100000s,009d13m36.7813260000s,160.914,2.076,5036075.440,517732.604,160.914,FIXED,29,33,0.960,0.014,0.017,0.0,2023-11-13,11:33:23,RTCM-Ref 18,045d28m42.1269631298s,009d13m45.1661289562s,191.162,189.536,0,0.00000000,270.00000000,0.000,0.000,0.000
133,,045d28m40.6915740000s,009d13m36.7739040000s,162.953,0.0000000000000000,0.0000000000000000,0.000000,045d28m40.6915740000s,009d13m36.7739040000s,160.877,2.076,5036074.059,517732.447,160.877,FIXED,29,33,0.960,0.014,0.017,0.0,2023-11-13,11:33:26,RTCM-Ref 18,045d28m42.1269631298s,009d13m45.1661289562s,191.162,190.014,0,0.00000000,270.00000000,0.000,0.000,0.000
134,,045d28m40.6435200000s,009d13m36.7638060000s,162.955,0.0000000000000000,0.0000000000000000,0.000000,045d28m40.6435200000s,009d13m36.7638060000s,160.879,2.076,5036072.575,517732.232,160.879,FIXED,29,33,0.960,0.014,0.017,0.0,2023-11-13,11:33:29,RTCM-Ref 18,045d28m42.1269631298s,009d13m45.1661289562s,191.162,190.575,0,0.00000000,270.00000000,0.000,0.000,0.000
135,,045d28m40.6093440000s,009d13m36.7595400000s,162.958,0.0000000000000000,0.0000000000000000,0.000000,045d28m40.6093440000s,009d13m36.7595400000s,160.882,2.076,5036071.521,517732.142,160.882,FIXED,29,33,0.960,0.014,0.017,0.0,2023-11-13,11:33:31,RTCM-Ref 18,045d28m42.1269631298s,009d13m45.1661289562s,191.162,190.920,0,0.00000000,270.00000000,0.000,0.000,0.000
136,,045d28m40.5723360000s,009d13m36.7524420000s,162.953,0.0000000000000000,0.0000000000000000,0.000000,045d28m40.5723360000s,009d13m36.7524420000s,160.877,2.076,5036070.378,517731.992,160.877,FIXED,28,33,0.990,0.014,0.017,0.0,2023-11-13,11:33:33,RTCM-Ref 18,045d28m42.1269631298s,009d13m45.1661289562s,191.162,191.351,0,0.00000000,270.00000000,0.000,0.000,0.000
137,,045d28m40.5368280000s,009d13m36.7431600000s,162.949,0.0000000000000000,0.0000000000000000,0.000000,045d28m40.5368280000s,009d13m36.7431600000s,160.873,2.076,5036069.282,517731.793,160.873,FIXED,27,32,0.960,0.014,0.017,0.0,2023-11-13,11:33:35,RTCM-Ref 18,045d28m42.1269631298s,009d13m45.1661289562s,191.162,191.822,0,0.00000000,270.00000000,0.000,0.000,0.000
138,,045d28m40.5027660000s,009d13m36.7333920000s,162.942,0.0000000000000000,0.0000000000000000,0.000000,045d28m40.5027660000s,009d13m36.7333920000s,160.866,2.076,5036068.230,517731.584,160.866,FIXED,29,32,0.960,0.014,0.017,0.0,2023-11-13,11:33:37,RTCM-Ref 18,045d28m42.1269631298s,009d13m45.1661289562s,191.162,192.297,0,0.00000000,270.00000000,0.000,0.000,0.000
139,,045d28m40.4703540000s,009d13m36.7265820000s,162.939,0.0000000000000000,0.0000000000000000,0.000000,045d28m40.4703540000s,009d13m36.7265820000s,160.863,2.076,5036067.229,517731.439,160.863,FIXED,29,32,0.960,0.014,0.017,0.0,2023-11-13,11:33:39,RTCM-Ref 18,045d28m42.1269631298s,009d13m45.1661289562s,191.162,192.702,0,0.00000000,270.00000000,0.000,0.000,0.000
140,,045d28m40.4351280000s,009d13m36.7147080000s,162.922,0.0000000000000000,0.0000000000000000,0.000000,045d28m40.4351280000s,009d13m36.7147080000s,160.846,2.076,5036066.141,517731.184,160.846,FIXED,29,31,0.960,0.014,0.017,0.0,2023-11-13,11:33:41,RTCM-Ref 18,045d28m42.1269631298s,009d13m45.1661289562s,191.162,193.241,0,0.00000000,270.00000000,0.000,0.000,0.000
141,,045d28m40.3964400000s,009d13m36.7054380000s,162.930,0.0000000000000000,0.0000000000000000,0.000000,045d28m40.3964400000s,009d13m36.7054380000s,160.854,2.076,5036064.947,517730.986,160.854,FIXED,29,31,0.990,0.014,0.017,0.0,2023-11-13,11:33:43,RTCM-Ref 18,045d28m42.1269631298s,009d13m45.1661289562s,191.162,193.757,0,0.00000000,270.00000000,0.000,0.000,0.000
142,,045d28m40.3608660000s,009d13m36.6935040000s,162.919,0.0000000000000000,0.0000000000000000,0.000000,045d28m40.3608660000s,009d13m36.6935040000s,160.843,2.076,5036063.848,517730.730,160.843,FIXED,28,32,0.990,0.014,0.017,0.0,2023-11-13,11:33:45,RTCM-Ref 18,045d28m42.1269631298s,009d13m45.1661289562s,191.162,194.310,0,0.00000000,270.00000000,0.000,0.000,0.000
143,,045d28m40.3262280000s,009d13m36.6828900000s,162.904,0.0000000000000000,0.0000000000000000,0.000000,045d28m40.3262280000s,009d13m36.6828900000s,160.828,2.076,5036062.779,517730.503,160.828,FIXED,30,32,0.960,0.014,0.017,0.0,2023-11-13,11:33:47,RTCM-Ref 18,045d28m42.1269631298s,009d13m45.1661289562s,191.162,194.833,0,0.00000000,270.00000000,0.000,0.000,0.000
144,,045d28m40.2895860000s,009d13m36.6717120000s,162.918,0.0000000000000000,0.0000000000000000,0.000000,045d28m40.2895860000s,009d13m36.6717120000s,160.842,2.076,5036061.647,517730.264,160.842,FIXED,29,32,1.010,0.014,0.017,0.0,2023-11-13,11:33:49,RTCM-Ref 18,045d28m42.1269631298s,009d13m45.1661289562s,191.162,195.386,0,0.00000000,270.00000000,0.000,0.000,0.000
145,,045d28m40.2546420000s,009d13m36.6603360000s,162.908,0.0000000000000000,0.0000000000000000,0.000000,045d28m40.2546420000s,009d13m36.6603360000s,160.832,2.076,5036060.568,517730.020,160.832,FIXED,30,32,0.900,0.014,0.017,0.0,2023-11-13,11:33:51,RTCM-Ref 18,045d28m42.1269631298s,009d13m45.1661289562s,191.162,195.936,0,0.00000000,270.00000000,0.000,0.000,0.000
146,,045d28m40.2199980000s,009d13m36.6526680000s,162.904,0.0000000000000000,0.0000000000000000,0.000000,045d28m40.2199980000s,009d13m36.6526680000s,160.828,2.076,5036059.499,517729.856,160.828,FIXED,29,32,0.900,0.014,0.017,0.0,2023-11-13,11:33:53,RTCM-Ref 18,045d28m42.1269631298s,009d13m45.1661289562s,191.162,196.412,0,0.00000000,270.00000000,0.000,0.000,0.000
147,,045d28m40.1832300000s,009d13m36.6402540000s,162.970,0.0000000000000000,0.0000000000000000,0.000000,045d28m40.1832300000s,009d13m36.6402540000s,160.894,2.076,5036058.363,517729.590,160.894,FIXED,28,31,0.890,0.014,0.017,0.0,2023-11-13,11:34:01,RTCM-Ref 18,045d28m42.1269631298s,009d13m45.1661289562s,191.162,196.998,0,0.00000000,270.00000000,0.000,0.000,0.000
148,,045d28m40.1384340000s,009d13m36.6256260000s,162.972,0.0000000000000000,0.0000000000000000,0.000000,045d28m40.1384340000s,009d13m36.6256260000s,160.896,2.076,5036056.980,517729.276,160.896,FIXED,28,31,0.930,0.014,0.017,0.0,2023-11-13,11:34:05,RTCM-Ref 18,045d28m42.1269631298s,009d13m45.1661289562s,191.162,197.722,0,0.00000000,270.00000000,0.000,0.000,0.000
149,,045d28m40.1071320000s,009d13m36.6109440000s,162.950,0.0000000000000000,0.0000000000000000,0.000000,045d28m40.1071320000s,009d13m36.6109440000s,160.874,2.076,5036056.013,517728.960,160.874,FIXED,29,33,0.930,0.014,0.017,0.0,2023-11-13,11:34:07,RTCM-Ref 18,045d28m42.1269631298s,009d13m45.1661289562s,191.162,198.326,0,0.00000000,270.00000000,0.000,0.000,0.000
150,,045d28m40.0697100000s,009d13m36.5946240000s,162.934,0.0000000000000000,0.0000000000000000,0.000000,045d28m40.0697100000s,009d13m36.5946240000s,160.858,2.076,5036054.857,517728.609,160.858,FIXED,30,33,0.910,0.014,0.017,0.0,2023-11-13,11:34:09,RTCM-Ref 18,045d28m42.1269631298s,009d13m45.1661289562s,191.162,199.027,0,0.00000000,270.00000000,0.000,0.000,0.000
151,,045d28m40.0343460000s,009d13m36.5774340000s,162.922,0.0000000000000000,0.0000000000000000,0.000000,045d28m40.0343460000s,009d13m36.5774340000s,160.846,2.076,5036053.765,517728.239,160.846,FIXED,28,34,0.930,0.014,0.017,0.0,2023-11-13,11:34:11,RTCM-Ref 18,045d28m42.1269631298s,009d13m45.1661289562s,191.162,199.728,0,0.00000000,270.00000000,0.000,0.000,0.000
152,,045d28m39.9867060000s,009d13m36.5505720000s,162.938,0.0000000000000000,0.0000000000000000,0.000000,045d28m39.9867060000s,009d13m36.5505720000s,160.862,2.076,5036052.293,517727.660,160.862,FIXED,30,33,0.930,0.014,0.017,0.0,2023-11-13,11:34:14,RTCM-Ref 18,045d28m42.1269631298s,009d13m45.1661289562s,191.162,200.750,0,0.00000000,270.00000000,0.000,0.000,0.000
153,,045d28m39.9510600000s,009d13m36.5264040000s,162.915,0.0000000000000000,0.0000000000000000,0.000000,045d28m39.9510600000s,009d13m36.5264040000s,160.839,2.076,5036051.191,517727.138,160.839,FIXED,30,33,0.910,0.014,0.017,0.0,2023-11-13,11:34:16,RTCM-Ref 18,045d28m42.1269631298s,009d13m45.1661289562s,191.162,201.607,0,0.00000000,270.00000000,0.000,0.000,0.000
154,,045d28m39.9181980000s,009d13m36.5059800000s,162.900,0.0000000000000000,0.0000000000000000,0.000000,045d28m39.9181980000s,009d13m36.5059800000s,160.824,2.076,5036050.176,517726.698,160.824,FIXED,30,33,0.890,0.014,0.017,0.0,2023-11-13,11:34:18,RTCM-Ref 18,045d28m42.1269631298s,009d13m45.1661289562s,191.162,202.362,0,0.00000000,270.00000000,0.000,0.000,0.000
155,,045d28m39.8861700000s,009d13m36.4859700000s,162.907,0.0000000000000000,0.0000000000000000,0.000000,045d28m39.8861700000s,009d13m36.4859700000s,160.831,2.076,5036049.186,517726.266,160.831,FIXED,29,33,0.900,0.014,0.017,0.0,2023-11-13,11:34:20,RTCM-Ref 18,045d28m42.1269631298s,009d13m45.1661289562s,191.162,203.099,0,0.00000000,270.00000000,0.000,0.000,0.000
156,,045d28m39.8519700000s,009d13m36.4612860000s,162.892,0.0000000000000000,0.0000000000000000,0.000000,045d28m39.8519700000s,009d13m36.4612860000s,160.816,2.076,5036048.130,517725.733,160.816,FIXED,29,33,0.900,0.014,0.017,0.0,2023-11-13,11:34:22,RTCM-Ref 18,045d28m42.1269631298s,009d13m45.1661289562s,191.162,203.961,0,0.00000000,270.00000000,0.000,0.000,0.000
157,,045d28m39.8168940000s,009d13m36.4395960000s,162.893,0.0000000000000000,0.0000000000000000,0.000000,045d28m39.8168940000s,009d13m36.4395960000s,160.817,2.076,5036047.046,517725.265,160.817,FIXED,29,33,0.880,0.014,0.017,0.0,2023-11-13,11:34:24,RTCM-Ref 18,045d28m42.1269631298s,009d13m45.1661289562s,191.162,204.772,0,0.00000000,270.00000000,0.000,0.000,0.000
158,,045d28m39.7842720000s,009d13m36.4146240000s,162.874,0.0000000000000000,0.0000000000000000,0.000000,045d28m39.7842720000s,009d13m36.4146240000s,160.798,2.076,5036046.038,517724.726,160.798,FIXED,30,33,0.880,0.014,0.017,0.0,2023-11-13,11:34:26,RTCM-Ref 18,045d28m42.1269631298s,009d13m45.1661289562s,191.162,205.629,0,0.00000000,270.00000000,0.000,0.000,0.000
159,,045d28m39.7521360000s,009d13m36.3914340000s,162.866,0.0000000000000000,0.0000000000000000,0.000000,045d28m39.7521360000s,009d13m36.3914340000s,160.790,2.076,5036045.044,517724.225,160.790,FIXED,29,33,0.960,0.014,0.017,0.0,2023-11-13,11:34:28,RTCM-Ref 18,045d28m42.1269631298s,009d13m45.1661289562s,191.162,206.446,0,0.00000000,270.00000000,0.000,0.000,0.000
160,,045d28m39.7186380000s,009d13m36.3705900000s,162.876,0.0000000000000000,0.0000000000000000,0.000000,045d28m39.7186380000s,009d13m36.3705900000s,160.800,2.076,5036044.009,517723.776,160.800,FIXED,28,33,0.960,0.014,0.017,0.0,2023-11-13,11:34:30,RTCM-Ref 18,045d28m42.1269631298s,009d13m45.1661289562s,191.162,207.232,0,0.00000000,270.00000000,0.000,0.000,0.000
161,,045d28m39.6862020000s,009d13m36.3447060000s,162.856,0.0000000000000000,0.0000000000000000,0.000000,045d28m39.6862020000s,009d13m36.3447060000s,160.780,2.076,5036043.007,517723.217,160.780,FIXED,29,33,0.960,0.014,0.017,0.0,2023-11-13,11:34:32,RTCM-Ref 18,045d28m42.1269631298s,009d13m45.1661289562s,191.162,208.113,0,0.00000000,270.00000000,0.000,0.000,0.000
162,,045d28m39.6559920000s,009d13m36.3211860000s,162.858,0.0000000000000000,0.0000000000000000,0.000000,045d28m39.6559920000s,009d13m36.3211860000s,160.782,2.076,5036042.073,517722.709,160.782,FIXED,28,32,0.940,0.014,0.017,0.0,2023-11-13,11:34:34,RTCM-Ref 18,045d28m42.1269631298s,009d13m45.1661289562s,191.162,208.922,0,0.00000000,270.00000000,0.000,0.000,0.000
163,,045d28m39.6147720000s,009d13m36.2944140000s,162.851,0.0000000000000000,0.0000000000000000,0.000000,045d28m39.6147720000s,009d13m36.2944140000s,160.775,2.076,5036040.799,517722.131,160.775,FIXED,28,33,0.960,0.014,0.017,0.0,2023-11-13,11:34:37,RTCM-Ref 18,045d28m42.1269631298s,009d13m45.1661289562s,191.162,209.925,0,0.00000000,270.00000000,0.000,0.000,0.000
164,,045d28m39.5912100000s,009d13m36.2560200000s,162.847,0.0000000000000000,0.0000000000000000,0.000000,045d28m39.5912100000s,009d13m36.2560200000s,160.771,2.076,5036040.070,517721.300,160.771,FIXED,30,33,0.870,0.014,0.017,0.0,2023-11-13,11:34:40,RTCM-Ref 18,045d28m42.1269631298s,009d13m45.1661289562s,191.162,210.960,0,0.00000000,270.00000000,0.000,0.000,0.000
165,,045d28m39.5732520000s,009d13m36.2158560000s,162.822,0.0000000000000000,0.0000000000000000,0.000000,045d28m39.5732520000s,009d13m36.2158560000s,160.746,2.076,5036039.513,517720.429,160.746,FIXED,29,33,0.920,0.014,0.017,0.0,2023-11-13,11:34:42,RTCM-Ref 18,045d28m42.1269631298s,009d13m45.1661289562s,191.162,211.970,0,0.00000000,270.00000000,0.000,0.000,0.000
166,,045d28m39.5451960000s,009d13m36.1558860000s,162.819,0.0000000000000000,0.0000000000000000,0.000000,045d28m39.5451960000s,009d13m36.1558860000s,160.743,2.076,5036038.644,517719.130,160.743,FIXED,30,32,0.890,0.014,0.017,0.0,2023-11-13,11:34:45,RTCM-Ref 18,045d28m42.1269631298s,009d13m45.1661289562s,191.162,213.487,0,0.00000000,270.00000000,0.000,0.000,0.000
167,,045d28m39.5207220000s,009d13m36.1133880000s,162.801,0.0000000000000000,0.0000000000000000,0.000000,045d28m39.5207220000s,009d13m36.1133880000s,160.725,2.076,5036037.886,517718.209,160.725,FIXED,29,32,0.920,0.014,0.017,0.0,2023-11-13,11:34:47,RTCM-Ref 18,045d28m42.1269631298s,009d13m45.1661289562s,191.162,214.618,0,0.00000000,270.00000000,0.000,0.000,0.000
168,,045d28m39.5010300000s,009d13m36.0684960000s,162.769,0.0000000000000000,0.0000000000000000,0.000000,045d28m39.5010300000s,009d13m36.0684960000s,160.693,2.076,5036037.275,517717.236,160.693,FIXED,28,32,0.890,0.014,0.017,0.0,2023-11-13,11:34:49,RTCM-Ref 18,045d28m42.1269631298s,009d13m45.1661289562s,191.162,215.744,0,0.00000000,270.00000000,0.000,0.000,0.000
169,,045d28m39.4837020000s,009d13m36.0222720000s,162.764,0.0000000000000000,0.0000000000000000,0.000000,045d28m39.4837020000s,009d13m36.0222720000s,160.688,2.076,5036036.738,517716.234,160.688,FIXED,29,32,0.870,0.014,0.017,0.0,2023-11-13,11:34:51,RTCM-Ref 18,045d28m42.1269631298s,009d13m45.1661289562s,191.162,216.866,0,0.00000000,270.00000000,0.000,0.000,0.000
170,,045d28m39.4673580000s,009d13m35.9818440000s,162.737,0.0000000000000000,0.0000000000000000,0.000000,045d28m39.4673580000s,009d13m35.9818440000s,160.661,2.076,5036036.231,517715.358,160.661,FIXED,28,32,0.890,0.014,0.017,0.0,2023-11-13,11:34:53,RTCM-Ref 18,045d28m42.1269631298s,009d13m45.1661289562s,191.162,217.863,0,0.00000000,270.00000000,0.000,0.000,0.000
171,,045d28m39.4501440000s,009d13m35.9356920000s,162.728,0.0000000000000000,0.0000000000000000,0.000000,045d28m39.4501440000s,009d13m35.9356920000s,160.652,2.076,5036035.697,517714.357,160.652,FIXED,29,32,0.890,0.014,0.017,0.0,2023-11-13,11:34:55,RTCM-Ref 18,045d28m42.1269631298s,009d13m45.1661289562s,191.162,218.983,0,0.00000000,270.00000000,0.000,0.000,0.000
172,,045d28m39.4364880000s,009d13m35.8921860000s,162.723,0.0000000000000000,0.0000000000000000,0.000000,045d28m39.4364880000s,009d13m35.8921860000s,160.647,2.076,5036035.273,517713.414,160.647,FIXED,29,32,0.890,0.014,0.017,0.0,2023-11-13,11:34:57,RTCM-Ref 18,045d28m42.1269631298s,009d13m45.1661289562s,191.162,220.008,0,0.00000000,270.00000000,0.000,0.000,0.000
173,,045d28m39.4204320000s,009d13m35.8464900000s,162.711,0.0000000000000000,0.0000000000000000,0.000000,045d28m39.4204320000s,009d13m35.8464900000s,160.635,2.076,5036034.775,517712.423,160.635,FIXED,29,32,0.870,0.014,0.017,0.0,2023-11-13,11:34:59,RTCM-Ref 18,045d28m42.1269631298s,009d13m45.1661289562s,191.162,221.105,0,0.00000000,270.00000000,0.000,0.000,0.000
174,,045d28m39.4085040000s,009d13m35.7990840000s,162.689,0.0000000000000000,0.0000000000000000,0.000000,045d28m39.4085040000s,009d13m35.7990840000s,160.613,2.076,5036034.404,517711.395,160.613,FIXED,29,32,0.890,0.014,0.017,0.0,2023-11-13,11:35:01,RTCM-Ref 18,045d28m42.1269631298s,009d13m45.1661289562s,191.162,222.190,0,0.00000000,270.00000000,0.000,0.000,0.000
175,,045d28m39.3945660000s,009d13m35.7572460000s,162.679,0.0000000000000000,0.0000000000000000,0.000000,045d28m39.3945660000s,009d13m35.7572460000s,160.603,2.076,5036033.971,517710.488,160.603,FIXED,30,34,0.870,0.014,0.017,0.0,2023-11-13,11:35:03,RTCM-Ref 18,045d28m42.1269631298s,009d13m45.1661289562s,191.162,223.186,0,0.00000000,270.00000000,0.000,0.000,0.000
176,,045d28m39.3823980000s,009d13m35.7070080000s,162.625,0.0000000000000000,0.0000000000000000,0.000000,045d28m39.3823980000s,009d13m35.7070080000s,160.549,2.076,5036033.592,517709.398,160.549,FIXED,30,33,0.890,0.014,0.017,0.0,2023-11-13,11:35:05,RTCM-Ref 18,045d28m42.1269631298s,009d13m45.1661289562s,191.162,224.335,0,0.00000000,270.00000000,0.000,0.000,0.000
177,,045d28m39.3712200000s,009d13m35.6637300000s,162.615,0.0000000000000000,0.0000000000000000,0.000000,045d28m39.3712200000s,009d13m35.6637300000s,160.539,2.076,5036033.245,517708.460,160.539,FIXED,29,33,0.840,0.014,0.017,0.0,2023-11-13,11:35:07,RTCM-Ref 18,045d28m42.1269631298s,009d13m45.1661289562s,191.162,225.327,0,0.00000000,270.00000000,0.000,0.000,0.000
178,,045d28m39.3586200000s,009d13m35.6197740000s,162.621,0.0000000000000000,0.0000000000000000,0.000000,045d28m39.3586200000s,009d13m35.6197740000s,160.545,2.076,5036032.853,517707.507,160.545,FIXED,29,33,0.890,0.014,0.017,0.0,2023-11-13,11:35:09,RTCM-Ref 18,045d28m42.1269631298s,009d13m45.1661289562s,191.162,226.348,0,0.00000000,270.00000000,0.000,0.000,0.000
179,,045d28m39.3452280000s,009d13m35.5662960000s,162.608,0.0000000000000000,0.0000000000000000,0.000000,045d28m39.3452280000s,009d13m35.5662960000s,160.532,2.076,5036032.437,517706.347,160.532,FIXED,29,33,0.890,0.014,0.017,0.0,2023-11-13,11:35:11,RTCM-Ref 18,045d28m42.1269631298s,009d13m45.1661289562s,191.162,227.570,0,0.00000000,270.00000000,0.000,0.000,0.000
180,,045d28m39.3338220000s,009d13m35.5216920000s,162.596,0.0000000000000000,0.0000000000000000,0.000000,045d28m39.3338220000s,009d13m35.5216920000s,160.520,2.076,5036032.082,517705.379,160.520,FIXED,30,33,0.870,0.014,0.017,0.0,2023-11-13,11:35:13,RTCM-Ref 18,045d28m42.1269631298s,009d13m45.1661289562s,191.162,228.592,0,0.00000000,270.00000000,0.000,0.000,0.000
181,,045d28m39.3247080000s,009d13m35.4734520000s,162.588,0.0000000000000000,0.0000000000000000,0.000000,045d28m39.3247080000s,009d13m35.4734520000s,160.512,2.076,5036031.798,517704.333,160.512,FIXED,29,33,0.850,0.014,0.017,0.0,2023-11-13,11:35:15,RTCM-Ref 18,045d28m42.1269631298s,009d13m45.1661289562s,191.162,229.660,0,0.00000000,270.00000000,0.000,0.000,0.000
182,,045d28m39.3179880000s,009d13m35.4251820000s,162.547,0.0000000000000000,0.0000000000000000,0.000000,045d28m39.3179880000s,009d13m35.4251820000s,160.471,2.076,5036031.587,517703.285,160.471,FIXED,30,34,0.890,0.014,0.017,0.0,2023-11-13,11:35:17,RTCM-Ref 18,045d28m42.1269631298s,009d13m45.1661289562s,191.162,230.704,0,0.00000000,270.00000000,0.000,0.000,0.000
183,,045d28m39.3113220000s,009d13m35.3790480000s,162.535,0.0000000000000000,0.0000000000000000,0.000000,045d28m39.3113220000s,009d13m35.3790480000s,160.459,2.076,5036031.379,517702.284,160.459,FIXED,29,34,0.850,0.014,0.017,0.0,2023-11-13,11:35:19,RTCM-Ref 18,045d28m42.1269631298s,009d13m45.1661289562s,191.162,231.702,0,0.00000000,270.00000000,0.000,0.000,0.000
184,,045d28m39.3072900000s,009d13m35.3325420000s,162.560,0.0000000000000000,0.0000000000000000,0.000000,045d28m39.3072900000s,009d13m35.3325420000s,160.484,2.076,5036031.252,517701.275,160.484,FIXED,30,34,0.890,0.014,0.017,0.0,2023-11-13,11:35:21,RTCM-Ref 18,045d28m42.1269631298s,009d13m45.1661289562s,191.162,232.673,0,0.00000000,270.00000000,0.000,0.000,0.000
185,,045d28m39.3015540000s,009d13m35.2827420000s,162.511,0.0000000000000000,0.0000000000000000,0.000000,045d28m39.3015540000s,009d13m35.2827420000s,160.435,2.076,5036031.071,517700.194,160.435,FIXED,29,34,0.850,0.014,0.017,0.0,2023-11-13,11:35:23,RTCM-Ref 18,045d28m42.1269631298s,009d13m45.1661289562s,191.162,233.738,0,0.00000000,270.00000000,0.000,0.000,0.000
186,,045d28m39.2965380000s,009d13m35.2331340000s,162.492,0.0000000000000000,0.0000000000000000,0.000000,045d28m39.2965380000s,009d13m35.2331340000s,160.416,2.076,5036030.914,517699.118,160.416,FIXED,29,34,0.850,0.014,0.017,0.0,2023-11-13,11:35:25,RTCM-Ref 18,045d28m42.1269631298s,009d13m45.1661289562s,191.162,234.788,0,0.00000000,270.00000000,0.000,0.000,0.000
187,,045d28m39.2908380000s,009d13m35.1810720000s,162.475,0.0000000000000000,0.0000000000000000,0.000000,045d28m39.2908380000s,009d13m35.1810720000s,160.399,2.076,5036030.735,517697.988,160.399,FIXED,30,34,0.850,0.014,0.017,0.0,2023-11-13,11:35:27,RTCM-Ref 18,045d28m42.1269631298s,009d13m45.1661289562s,191.162,235.895,0,0.00000000,270.00000000,0.000,0.000,0.000
188,,045d28m39.2873100000s,009d13m35.1343920000s,162.480,0.0000000000000000,0.0000000000000000,0.000000,045d28m39.2873100000s,009d13m35.1343920000s,160.404,2.076,5036030.623,517696.975,160.404,FIXED,31,34,0.830,0.014,0.017,0.0,2023-11-13,11:35:29,RTCM-Ref 18,045d28m42.1269631298s,009d13m45.1661289562s,191.162,236.867,0,0.00000000,270.00000000,0.000,0.000,0.000
189,,045d28m39.2827800000s,009d13m35.0719860000s,162.456,0.0000000000000000,0.0000000000000000,0.000000,045d28m39.2827800000s,009d13m35.0719860000s,160.380,2.076,5036030.479,517695.620,160.380,FIXED,29,33,0.850,0.014,0.017,0.0,2023-11-13,11:35:32,RTCM-Ref 18,045d28m42.1269631298s,009d13m45.1661289562s,191.162,238.169,0,0.00000000,270.00000000,0.000,0.000,0.000
190,,045d28m39.2804820000s,009d13m35.0242260000s,162.417,0.0000000000000000,0.0000000000000000,0.000000,045d28m39.2804820000s,009d13m35.0242260000s,160.341,2.076,5036030.405,517694.584,160.341,FIXED,31,33,0.830,0.014,0.017,0.0,2023-11-13,11:35:40,RTCM-Ref 18,045d28m42.1269631298s,009d13m45.1661289562s,191.162,239.156,0,0.00000000,270.00000000,0.000,0.000,0.000
191,,045d28m39.2779320000s,009d13m34.9587720000s,162.413,0.0000000000000000,0.0000000000000000,0.000000,045d28m39.2779320000s,009d13m34.9587720000s,160.337,2.076,5036030.323,517693.163,160.337,FIXED,29,34,0.870,0.014,0.017,0.0,2023-11-13,11:35:44,RTCM-Ref 18,045d28m42.1269631298s,009d13m45.1661289562s,191.162,240.495,0,0.00000000,270.00000000,0.000,0.000,0.000
192,,045d28m39.2771700000s,009d13m34.9049400000s,162.425,0.0000000000000000,0.0000000000000000,0.000000,045d28m39.2771700000s,009d13m34.9049400000s,160.349,2.076,5036030.296,517691.994,160.349,FIXED,29,34,0.850,0.014,0.017,0.0,2023-11-13,11:35:46,RTCM-Ref 18,045d28m42.1269631298s,009d13m45.1661289562s,191.162,241.581,0,0.00000000,270.00000000,0.000,0.000,0.000
193,,045d28m39.2723040000s,009d13m34.8491160000s,162.417,0.0000000000000000,0.0000000000000000,0.000000,045d28m39.2723040000s,009d13m34.8491160000s,160.341,2.076,5036030.142,517690.783,160.341,FIXED,29,34,0.860,0.014,0.017,0.0,2023-11-13,11:35:48,RTCM-Ref 18,045d28m42.1269631298s,009d13m45.1661289562s,191.162,242.755,0,0.00000000,270.00000000,0.000,0.000,0.000
194,,045d28m39.2713260000s,009d13m34.7858520000s,162.409,0.0000000000000000,0.0000000000000000,0.000000,045d28m39.2713260000s,009d13m34.7858520000s,160.333,2.076,5036030.108,517689.409,160.333,FIXED,30,34,0.850,0.014,0.017,0.0,2023-11-13,11:35:50,RTCM-Ref 18,045d28m42.1269631298s,009d13m45.1661289562s,191.162,244.036,0,0.00000000,270.00000000,0.000,0.000,0.000
195,,045d28m39.2691660000s,009d13m34.7259300000s,162.418,0.0000000000000000,0.0000000000000000,0.000000,045d28m39.2691660000s,009d13m34.7259300000s,160.342,2.076,5036030.038,517688.109,160.342,FIXED,29,34,0.870,0.014,0.017,0.0,2023-11-13,11:35:52,RTCM-Ref 18,045d28m42.1269631298s,009d13m45.1661289562s,191.162,245.262,0,0.00000000,270.00000000,0.000,0.000,0.000
196,,045d28m39.2698740000s,009d13m34.6656060000s,162.429,0.0000000000000000,0.0000000000000000,0.000000,045d28m39.2698740000s,009d13m34.6656060000s,160.353,2.076,5036030.056,517686.799,160.353,FIXED,30,34,0.890,0.014,0.017,0.0,2023-11-13,11:35:54,RTCM-Ref 18,045d28m42.1269631298s,009d13m45.1661289562s,191.162,246.464,0,0.00000000,270.00000000,0.000,0.000,0.000
197,,045d28m39.2708700000s,009d13m34.6049820000s,162.387,0.0000000000000000,0.0000000000000000,0.000000,045d28m39.2708700000s,009d13m34.6049820000s,160.311,2.076,5036030.083,517685.483,160.311,FIXED,29,33,0.860,0.014,0.017,0.0,2023-11-13,11:35:56,RTCM-Ref 18,045d28m42.1269631298s,009d13m45.1661289562s,191.162,247.678,0,0.00000000,270.00000000,0.000,0.000,0.000
198,,045d28m39.2717340000s,009d13m34.5445500000s,162.381,0.0000000000000000,0.0000000000000000,0.000000,045d28m39.2717340000s,009d13m34.5445500000s,160.305,2.076,5036030.106,517684.170,160.305,FIXED,30,33,0.850,0.014,0.017,0.0,2023-11-13,11:35:58,RTCM-Ref 18,045d28m42.1269631298s,009d13m45.1661289562s,191.162,248.885,0,0.00000000,270.00000000,0.000,0.000,0.000
199,,045d28m39.2746200000s,009d13m34.4819700000s,162.371,0.0000000000000000,0.0000000000000000,0.000000,045d28m39.2746200000s,009d13m34.4819700000s,160.295,2.076,5036030.191,517682.812,160.295,FIXED,29,33,0.870,0.014,0.017,0.0,2023-11-13,11:36:00,RTCM-Ref 18,045d28m42.1269631298s,009d13m45.1661289562s,191.162,250.115,0,0.00000000,270.00000000,0.000,0.000,0.000
200,,045d28m39.2795340000s,009d13m34.4213700000s,162.334,0.0000000000000000,0.0000000000000000,0.000000,045d28m39.2795340000s,009d13m34.4213700000s,160.258,2.076,5036030.339,517681.495,160.258,FIXED,30,33,0.860,0.014,0.017,0.0,2023-11-13,11:36:02,RTCM-Ref 18,045d28m42.1269631298s,009d13m45.1661289562s,191.162,251.288,0,0.00000000,270.00000000,0.000,0.000,0.000
201,,045d28m39.2850600000s,009d13m34.3645440000s,162.316,0.0000000000000000,0.0000000000000000,0.000000,045d28m39.2850600000s,009d13m34.3645440000s,160.240,2.076,5036030.506,517680.261,160.240,FIXED,29,32,0.840,0.014,0.017,0.0,2023-11-13,11:36:04,RTCM-Ref 18,045d28m42.1269631298s,009d13m45.1661289562s,191.162,252.378,0,0.00000000,270.00000000,0.000,0.000,0.000
202,,045d28m39.2934060000s,009d13m34.3076280000s,162.307,0.0000000000000000,0.0000000000000000,0.000000,045d28m39.2934060000s,009d13m34.3076280000s,160.231,2.076,5036030.760,517679.025,160.231,FIXED,30,32,0.860,0.014,0.017,0.0,2023-11-13,11:36:06,RTCM-Ref 18,045d28m42.1269631298s,009d13m45.1661289562s,191.162,253.439,0,0.00000000,270.00000000,0.000,0.000,0.000
203,,045d28m39.2993580000s,009d13m34.2483720000s,162.286,0.0000000000000000,0.0000000000000000,0.000000,045d28m39.2993580000s,009d13m34.2483720000s,160.210,2.076,5036030.940,517677.738,160.210,FIXED,29,32,0.860,0.014,0.017,0.0,2023-11-13,11:36:08,RTCM-Ref 18,045d28m42.1269631298s,009d13m45.1661289562s,191.162,254.577,0,0.00000000,270.00000000,0.000,0.000,0.000
204,,045d28m39.3046680000s,009d13m34.1851740000s,162.265,0.0000000000000000,0.0000000000000000,0.000000,045d28m39.3046680000s,009d13m34.1851740000s,160.189,2.076,5036031.100,517676.365,160.189,FIXED,29,32,0.860,0.014,0.017,0.0,2023-11-13,11:36:10,RTCM-Ref 18,045d28m42.1269631298s,009d13m45.1661289562s,191.162,255.803,0,0.00000000,270.00000000,0.000,0.000,0.000
205,,045d28m39.3160260000s,009d13m34.1251740000s,162.257,0.0000000000000000,0.0000000000000000,0.000000,045d28m39.3160260000s,009d13m34.1251740000s,160.181,2.076,5036031.447,517675.062,160.181,FIXED,29,32,0.900,0.014,0.017,0.0,2023-11-13,11:36:12,RTCM-Ref 18,045d28m42.1269631298s,009d13m45.1661289562s,191.162,256.900,0,0.00000000,270.00000000,0.000,0.000,0.000
206,,045d28m39.3266400000s,009d13m34.0664700000s,162.252,0.0000000000000000,0.0000000000000000,0.000000,045d28m39.3266400000s,009d13m34.0664700000s,160.176,2.076,5036031.771,517673.786,160.176,FIXED,29,32,0.900,0.014,0.017,0.0,2023-11-13,11:36:14,RTCM-Ref 18,045d28m42.1269631298s,009d13m45.1661289562s,191.162,257.982,0,0.00000000,270.00000000,0.000,0.000,0.000
207,,045d28m39.3379920000s,009d13m34.0145280000s,162.242,0.0000000000000000,0.0000000000000000,0.000000,045d28m39.3379920000s,009d13m34.0145280000s,160.166,2.076,5036032.118,517672.658,160.166,FIXED,29,32,0.860,0.014,0.017,0.0,2023-11-13,11:36:16,RTCM-Ref 18,045d28m42.1269631298s,009d13m45.1661289562s,191.162,258.921,0,0.00000000,270.00000000,0.000,0.000,0.000
208,,045d28m39.3526320000s,009d13m33.9627900000s,162.242,0.0000000000000000,0.0000000000000000,0.000000,045d28m39.3526320000s,009d13m33.9627900000s,160.166,2.076,5036032.567,517671.533,160.166,FIXED,29,33,0.890,0.014,0.017,0.0,2023-11-13,11:36:18,RTCM-Ref 18,045d28m42.1269631298s,009d13m45.1661289562s,191.162,259.823,0,0.00000000,270.00000000,0.000,0.000,0.000
209,,045d28m39.3656760000s,009d13m33.9087600000s,162.234,0.0000000000000000,0.0000000000000000,0.000000,045d28m39.3656760000s,009d13m33.9087600000s,160.158,2.076,5036032.966,517670.359,160.158,FIXED,30,32,0.890,0.014,0.017,0.0,2023-11-13,11:36:20,RTCM-Ref 18,045d28m42.1269631298s,009d13m45.1661289562s,191.162,260.791,0,0.00000000,270.00000000,0.000,0.000,0.000
210,,045d28m39.3819120000s,009d13m33.8575980000s,162.236,0.0000000000000000,0.0000000000000000,0.000000,045d28m39.3819120000s,009d13m33.8575980000s,160.160,2.076,5036033.464,517669.247,160.160,FIXED,30,32,0.860,0.014,0.017,0.0,2023-11-13,11:36:22,RTCM-Ref 18,045d28m42.1269631298s,009d13m45.1661289562s,191.162,261.670,0,0.00000000,270.00000000,0.000,0.000,0.000
211,,045d28m39.3978300000s,009d13m33.8030340000s,162.218,0.0000000000000000,0.0000000000000000,0.000000,045d28m39.3978300000s,009d13m33.8030340000s,160.142,2.076,5036033.952,517668.061,160.142,FIXED,29,33,0.860,0.014,0.017,0.0,2023-11-13,11:36:24,RTCM-Ref 18,045d28m42.1269631298s,009d13m45.1661289562s,191.162,262.627,0,0.00000000,270.00000000,0.000,0.000,0.000
212,,045d28m39.4147560000s,009d13m33.7500060000s,162.209,0.0000000000000000,0.0000000000000000,0.000000,045d28m39.4147560000s,009d13m33.7500060000s,160.133,2.076,5036034.471,517666.908,160.133,FIXED,29,33,0.840,0.014,0.017,0.0,2023-11-13,11:36:26,RTCM-Ref 18,045d28m42.1269631298s,009d13m45.1661289562s,191.162,263.544,0,0.00000000,270.00000000,0.000,0.000,0.000
213,,045d28m39.4315740000s,009d13m33.6991980000s,162.208,0.0000000000000000,0.0000000000000000,0.000000,045d28m39.4315740000s,009d13m33.6991980000s,160.132,2.076,5036034.987,517665.804,160.132,FIXED,29,33,0.860,0.014,0.017,0.0,2023-11-13,11:36:28,RTCM-Ref 18,045d28m42.1269631298s,009d13m45.1661289562s,191.162,264.419,0,0.00000000,270.00000000,0.000,0.000,0.000
214,,045d28m39.4477260000s,009d13m33.6479940000s,162.205,0.0000000000000000,0.0000000000000000,0.000000,045d28m39.4477260000s,009d13m33.6479940000s,160.129,2.076,5036035.482,517664.691,160.129,FIXED,31,33,0.880,0.014,0.017,0.0,2023-11-13,11:36:30,RTCM-Ref 18,045d28m42.1269631298s,009d13m45.1661289562s,191.162,265.311,0,0.00000000,270.00000000,0.000,0.000,0.000
215,,045d28m39.4660740000s,009d13m33.5980800000s,162.188,0.0000000000000000,0.0000000000000000,0.000000,045d28m39.4660740000s,009d13m33.5980800000s,160.112,2.076,5036036.046,517663.605,160.112,FIXED,28,33,0.870,0.014,0.017,0.0,2023-11-13,11:36:32,RTCM-Ref 18,045d28m42.1269631298s,009d13m45.1661289562s,191.162,266.160,0,0.00000000,270.00000000,0.000,0.000,0.000
216,,045d28m39.4822140000s,009d13m33.5472540000s,162.199,0.0000000000000000,0.0000000000000000,0.000000,045d28m39.4822140000s,009d13m33.5472540000s,160.123,2.076,5036036.541,517662.500,160.123,FIXED,28,33,0.870,0.014,0.017,0.0,2023-11-13,11:36:34,RTCM-Ref 18,045d28m42.1269631298s,009d13m45.1661289562s,191.162,267.048,0,0.00000000,270.00000000,0.000,0.000,0.000
217,,045d28m39.4991040000s,009d13m33.4977720000s,162.199,0.0000000000000000,0.0000000000000000,0.000000,045d28m39.4991040000s,009d13m33.4977720000s,160.123,2.076,5036037.059,517661.425,160.123,FIXED,29,33,0.900,0.014,0.017,0.0,2023-11-13,11:36:36,RTCM-Ref 18,045d28m42.1269631298s,009d13m45.1661289562s,191.162,267.906,0,0.00000000,270.00000000,0.000,0.000,0.000
218,,045d28m39.5143500000s,009d13m33.4462980000s,162.200,0.0000000000000000,0.0000000000000000,0.000000,045d28m39.5143500000s,009d13m33.4462980000s,160.124,2.076,5036037.526,517660.306,160.124,FIXED,30,33,0.850,0.014,0.017,0.0,2023-11-13,11:36:38,RTCM-Ref 18,045d28m42.1269631298s,009d13m45.1661289562s,191.162,268.822,0,0.00000000,270.00000000,0.000,0.000,0.000
219,,045d28m39.5288880000s,009d13m33.3948660000s,162.193,0.0000000000000000,0.0000000000000000,0.000000,045d28m39.5288880000s,009d13m33.3948660000s,160.117,2.076,5036037.972,517659.188,160.117,FIXED,30,33,0.890,0.014,0.017,0.0,2023-11-13,11:36:40,RTCM-Ref 18,045d28m42.1269631298s,009d13m45.1661289562s,191.162,269.747,0,0.00000000,270.00000000,0.000,0.000,0.000
220,,045d28m39.5473680000s,009d13m33.3451560000s,162.172,0.0000000000000000,0.0000000000000000,0.000000,045d28m39.5473680000s,009d13m33.3451560000s,160.096,2.076,5036038.539,517658.107,160.096,FIXED,28,33,0.970,0.014,0.017,0.0,2023-11-13,11:36:42,RTCM-Ref 18,045d28m42.1269631298s,009d13m45.1661289562s,191.162,270.604,0,0.00000000,270.00000000,0.000,0.000,0.000
221,,045d28m39.5619180000s,009d13m33.2926200000s,162.166,0.0000000000000000,0.0000000000000000,0.000000,045d28m39.5619180000s,009d13m33.2926200000s,160.090,2.076,5036038.985,517656.965,160.090,FIXED,29,33,0.850,0.014,0.017,0.0,2023-11-13,11:36:44,RTCM-Ref 18,045d28m42.1269631298s,009d13m45.1661289562s,191.162,271.557,0,0.00000000,270.00000000,0.000,0.000,0.000
222,,045d28m39.5811540000s,009d13m33.2419320000s,162.162,0.0000000000000000,0.0000000000000000,0.000000,045d28m39.5811540000s,009d13m33.2419320000s,160.086,2.076,5036039.575,517655.863,160.086,FIXED,28,33,0.920,0.014,0.017,0.0,2023-11-13,11:36:46,RTCM-Ref 18,045d28m42.1269631298s,009d13m45.1661289562s,191.162,272.431,0,0.00000000,270.00000000,0.000,0.000,0.000
223,,045d28m39.5957940000s,009d13m33.1864560000s,162.151,0.0000000000000000,0.0000000000000000,0.000000,045d28m39.5957940000s,009d13m33.1864560000s,160.075,2.076,5036040.024,517654.657,160.075,FIXED,28,33,1.070,0.014,0.017,0.0,2023-11-13,11:36:48,RTCM-Ref 18,045d28m42.1269631298s,009d13m45.1661289562s,191.162,273.448,0,0.00000000,270.00000000,0.000,0.000,0.000
224,,045d28m39.6150840000s,009d13m33.1351500000s,162.140,0.0000000000000000,0.0000000000000000,0.000000,045d28m39.6150840000s,009d13m33.1351500000s,160.064,2.076,5036040.616,517653.542,160.064,FIXED,28,33,0.880,0.014,0.017,0.0,2023-11-13,11:36:50,RTCM-Ref 18,045d28m42.1269631298s,009d13m45.1661289562s,191.162,274.341,0,0.00000000,270.00000000,0.000,0.000,0.000
225,,045d28m39.6312720000s,009d13m33.0849420000s,162.106,0.0000000000000000,0.0000000000000000,0.000000,045d28m39.6312720000s,009d13m33.0849420000s,160.030,2.076,5036041.112,517652.450,160.030,FIXED,28,33,0.910,0.014,0.017,0.0,2023-11-13,11:36:52,RTCM-Ref 18,045d28m42.1269631298s,009d13m45.1661289562s,191.162,275.244,0,0.00000000,270.00000000,0.000,0.000,0.000
226,,045d28m39.6453660000s,009d13m33.0322020000s,162.093,0.0000000000000000,0.0000000000000000,0.000000,045d28m39.6453660000s,009d13m33.0322020000s,160.017,2.076,5036041.544,517651.304,160.017,FIXED,27,33,0.890,0.014,0.017,0.0,2023-11-13,11:36:54,RTCM-Ref 18,045d28m42.1269631298s,009d13m45.1661289562s,191.162,276.216,0,0.00000000,270.00000000,0.000,0.000,0.000
227,,045d28m39.6621600000s,009d13m32.9884020000s,162.110,0.0000000000000000,0.0000000000000000,0.000000,045d28m39.6621600000s,009d13m32.9884020000s,160.034,2.076,5036042.060,517650.352,160.034,FIXED,26,33,0.880,0.014,0.017,0.0,2023-11-13,11:36:56,RTCM-Ref 18,045d28m42.1269631298s,009d13m45.1661289562s,191.162,276.979,0,0.00000000,270.00000000,0.000,0.000,0.000
228,,045d28m39.6812880000s,009d13m32.9430240000s,162.117,0.0000000000000000,0.0000000000000000,0.000000,045d28m39.6812880000s,009d13m32.9430240000s,160.041,2.076,5036042.647,517649.365,160.041,FIXED,28,33,1.060,0.014,0.017,0.0,2023-11-13,11:36:58,RTCM-Ref 18,045d28m42.1269631298s,009d13m45.1661289562s,191.162,277.759,0,0.00000000,270.00000000,0.000,0.000,0.000
229,,045d28m39.6991800000s,009d13m32.8949280000s,162.105,0.0000000000000000,0.0000000000000000,0.000000,045d28m39.6991800000s,009d13m32.8949280000s,160.029,2.076,5036043.196,517648.319,160.029,FIXED,27,33,1.050,0.014,0.017,0.0,2023-11-13,11:37:00,RTCM-Ref 18,045d28m42.1269631298s,009d13m45.1661289562s,191.162,278.610,0,0.00000000,270.00000000,0.000,0.000,0.000
230,,045d28m39.7158060000s,009d13m32.8512360000s,162.106,0.0000000000000000,0.0000000000000000,0.000000,045d28m39.7158060000s,009d13m32.8512360000s,160.030,2.076,5036043.707,517647.369,160.030,FIXED,26,33,1.020,0.014,0.017,0.0,2023-11-13,11:37:02,RTCM-Ref 18,045d28m42.1269631298s,009d13m45.1661289562s,191.162,279.380,0,0.00000000,270.00000000,0.000,0.000,0.000
231,,045d28m39.7203720000s,009d13m32.8364760000s,161.977,0.0000000000000000,0.0000000000000000,0.000000,045d28m39.7203720000s,009d13m32.8364760000s,159.901,2.076,5036043.847,517647.048,159.901,FIXED,26,33,0.970,0.014,0.017,0.0,2023-11-13,11:37:04,RTCM-Ref 18,045d28m42.1269631298s,009d13m45.1661289562s,191.162,279.664,0,0.00000000,270.00000000,0.000,0.000,0.000
